id_comentario	rotulo
UgxGxuYcGTJ64n5USal4AaABAg	0
UgwPCNhxQxaJn0sqDh14AaABAg	1
Ugw3vClEkNEfSaXP_ep4AaABAg	1
UgxT5nbHfNy4Ewwa35V4AaABAg	-1
UgyaxHPl-ZWCIhao2yd4AaABAg	-1
UgyHVFMWOSpKN6rm3eh4AaABAg	1
UgxapTVUx6zpX0GwWAN4AaABAg	0
Ugw16EFw-ZRB1RHb4Vh4AaABAg.9LU1dRshRvm9LUmFI-mJKa	0
Ugw7bSTzSiSZPTy1ooh4AaABAg	0
UgwHacx0gQHg4iyIjK54AaABAg	0
UgxijaT3ouPuJtFKR7R4AaABAg	0
UgyfaewRMecKyUxMLnF4AaABAg	0
UgwSi7iKN9ffwXVY8ZB4AaABAg.9LWNYvzfEMj9LZpv7cu3fq	0
Ugx-NK2CzSmrOJS93sd4AaABAg	1
UgwBwOKNq1ylirzYKMZ4AaABAg.9LThSjXIrUv9LUPX9OHQp7	-1
UgxKETkowCNXX_0AzOh4AaABAg	0
Ugz6Xb18szqS9FIc40l4AaABAg	1
Ugw9YGN6m0B_ZBSmSl54AaABAg.9LVMInKoLU79LVNyuuVq51	0
UgxKWPYxBsT62eHDSgh4AaABAg.9LjF5ZCQ4kb9Pf2nWkNQKM	1
UgyyB3YCXg49vaa6xRR4AaABAg.9LUZR0vKN0M9LVYBxFAh5T	0
Ugw2wL0R2R2NyohIrPt4AaABAg.9LWV6AtItfF9LZsudg9oxA	0
UgykxyVFbdg52HgJm6x4AaABAg	-1
UgyvWDsvn6GTFbJEMjp4AaABAg.9LUVFvbRkk49LV3459-tjD	0
UgxljXu3UqZivSTksL54AaABAg	1
UgzTReD6GvcokSuZoyl4AaABAg	1
UgyJqyOBR9ZoQZtxRGp4AaABAg	1
UgyYUyvQ3uUwZP3ejjJ4AaABAg	0
UgysgweValwDJNlt5uJ4AaABAg	0
Ugxth6GqhQ6PbpTL4Ix4AaABAg.9TZiG_nXUVg9WpXU-W4Rf0	0
UgztjIHkzFWTx03I9lp4AaABAg.9LYq3ukNQii9LZd8bVrUBB	0
Ugy7xX1Xf4EyE4V1bTd4AaABAg.9LTlJWNVE0e9LTnEhNVu8h	0
Ugw82azxOdzypEthvkJ4AaABAg	-1
UgzmbhLa33gZ50_lhgp4AaABAg	0
Ugwe2Y8X4_KeXLaAzah4AaABAg	1
UgwbcxTSVoN_7mGP4C94AaABAg	0
UgwxwZ7HcsMx7_Y-RMJ4AaABAg	0
Ugw2wL0R2R2NyohIrPt4AaABAg.9LWV6AtItfF9LaQ__ax5vV	0
Ugw2wL0R2R2NyohIrPt4AaABAg.9LWV6AtItfF9YCz3OUb3-f	0
UgzmOSTB8AiGUe2oliN4AaABAg	-1
UgwjY-Kr1kC_V75Dlop4AaABAg.9LTsVtlnMbk9LTw9wKZPU_	0
UgzA8xbRv7v5YhxJgw14AaABAg	-1
Ugwx3QnxEM3PhGeFNt14AaABAg	0
UgyXR2fxn_udkTjM8ZN4AaABAg.9LTnn_1nhu59LTpvxnIMON	1
UgyZ3FMYfEcuUsXiWah4AaABAg	1
Ugw0S3cK4Ssi4G9KdaN4AaABAg	-1
Ugzg83zqDGAwpzpNHm54AaABAg	1
Ugw85Wh0rDDbUQNdWEl4AaABAg	0
UgxZZ-Adh71tyiF-YKp4AaABAg.9LTkO-VwIQN9LTpWeHpWg3	0
UgwegIZo1MRIxBv1uyZ4AaABAg.9LUm1cDbhgy9LV3NDT-rEf	0
Ugw2wL0R2R2NyohIrPt4AaABAg.9LWV6AtItfF9LZx4OgxGFO	0
UgxeJD1vRbUKd6KH3Bd4AaABAg.9LUgr2gkKOS9LX5DWcy_FL	0
Ugy8urNNxHCraKHi0IV4AaABAg.9LWQs8usZNb9L_SozhtnoP	0
Ugz-TSsVoRNIhcisxC94AaABAg	-1
UgyklbT8rQfSnSHEhOl4AaABAg.9LVIYiGA9vG9LqA_7QBhup	0
Ugx12JPoMQXKi70cmQx4AaABAg	1
UgwLBzhiVuBmfgFqWoZ4AaABAg	1
Ugxoj7XZ99lvWHSMilB4AaABAg.9LU5WckTBWT9LU75twNgNR	0
UgwGxzJzRXmmLs8DE6R4AaABAg	1
UgxPg25uopZXg37abb94AaABAg	-1
UgwvRBQNmYov54bnvsl4AaABAg	0
UgwBwOKNq1ylirzYKMZ4AaABAg.9LThSjXIrUv9LUd6zlgsZF	0
Ugw8JVISpehYjeoDA3x4AaABAg.9LXJDRnz0Ki9TMF4qcEF4i	0
UgyX9nPlWDBx4I5ZV_Z4AaABAg.9LZIK1JA15h9LjQeg2ictR	0
UgwBwOKNq1ylirzYKMZ4AaABAg.9LThSjXIrUv9LUaTqJRYoA	0
UgzKLLXML1LtaeEnBwV4AaABAg	0
UgypSlNqaVRtxEMybl94AaABAg.9LWLxgVY75n9LWn8MJvpv4	0
UgxZZ-Adh71tyiF-YKp4AaABAg.9LTkO-VwIQN9LTqCHzOIk4	0
UgzhWmMCCwk1iSOiAK54AaABAg.9LTomRCRvP_9LTrI49Ey79	0
UgwY-buPhaha6fY9P1R4AaABAg	-1
UgwGrdYQ6yBLhAhpAjZ4AaABAg	0
UgxNbVlO1KW-6x24Nmx4AaABAg.9LZ1TtX08va9Lcwbdxzus4	0
UgyYsLBkidU2z8bbHWF4AaABAg.9LWV7Bhw3G99LaS15E-0eb	0
UgyJrbdjUm60SzOR_wN4AaABAg.9LV4rMajD6Z9LVMFN55L4S	1
UgwSzdCLMgon2muTMBt4AaABAg	0
UgyDuT-Kd2__xNPAS5N4AaABAg.9LWNzHRfHb39LWYhEz0oll	0
Ugx34FjYb9knNYsNq1t4AaABAg.9LVusi3D_Cl9LW6LB4FyHG	0
Ugwn4GQinNP6vmM8F394AaABAg	0
UgwBixGgZvb5z3iGCtl4AaABAg.9LWXgyXfKM79LXg2b88mhd	0
Ugy_46g8ZU6d1oVu9-V4AaABAg.9L_9P305dtN9Lfwsw4h-D3	0
UgwCsSWdraJs7--7krh4AaABAg	1
UgxqNLgOpuOsrPbhhM14AaABAg.9LU8_KM5Yj59LUgEdyioch	0
UgzkWpbDjnO_KZvthrF4AaABAg	1
UgxCmFcmjQkQ6n0mPx14AaABAg.9LXTwIPJpxP9Lj9LpR7rTQ	0
UgxlUIPp0ecDtY-69sx4AaABAg.9LWM2nfkB5L9LWQfxvUBk0	0
UgwBwOKNq1ylirzYKMZ4AaABAg.9LThSjXIrUv9LUQHJWPhyu	0
UgygC_B7QDAC67H_Hs94AaABAg	0
Ugz4R0BVTC6OQAjOQjh4AaABAg.9LWZ7WJrOJg9L_-TtnzY_L	0
UgyVi_MSIEwdybDhjlt4AaABAg.9LTs1XA5ugi9LUBro03rs6	0
UgwGd4gutNv8I5Dvcht4AaABAg	1
UgxExoTcJvg_g5IYtgl4AaABAg	-1
Ugy1Y9nTHDjcZfYVGdh4AaABAg.9LUbNtbk2Ab9LUc01b_2wM	0
UgzGWIgqY2We-qQ7xx94AaABAg	1
Ugw2wL0R2R2NyohIrPt4AaABAg.9LWV6AtItfF9MPpt32EStQ	0
Ugxth6GqhQ6PbpTL4Ix4AaABAg.9TZiG_nXUVg9Y6vOqZQLPY	0
UgyDOM4COMZU6umu0OF4AaABAg	0
UgweobO-UTypHb1rHZt4AaABAg	-1
Ugy1iuQN9xCzx9RswWd4AaABAg	0
UgxdYevsDN_XhnQTlpR4AaABAg	-1
UgxlgPapzfSrxuq8rHJ4AaABAg.9LV-dkjIqON9LVC4glD5_x	0
UgyrbSyJDTcusbbZgY54AaABAg.9LTrCQssbml9LTt3YAiv00	1
UgwLuxct0lFvsVn6Met4AaABAg	1
UgxZewNaUykZiR1KbGd4AaABAg	1
UgxuaQ55zUWdq_KtgqV4AaABAg	0
Ugw2wL0R2R2NyohIrPt4AaABAg.9LWV6AtItfF9LZyzzUVP9p	0
Ugz47dsHVKxNzCmnf894AaABAg	1
Ugw9zpoB7OZ8GezLClJ4AaABAg	0
Ugz8l3Nk_veR-get-394AaABAg	1
UgwbaRDfTbjX40ghTBR4AaABAg	1
UgxRHAhuqanpOs7R0Ap4AaABAg	0
UgxQYJJbrpNufG6Do7p4AaABAg	-1
Ugzz5lt4WVOQXTZmtnB4AaABAg	0
UgyP8c9cJrlK5n6oDt54AaABAg	-1
Ugw-9M38VM0lRHWfkbp4AaABAg	0
Ugy73UlekuDuIQDuz9Z4AaABAg.9LV-C9EV45l9LWPSnueN0a	0
UgzpjAqFwHZufEVStW14AaABAg	-1
UgxCeaOo_ioz2UQzdph4AaABAg.9LTrooPJyE39LUJ0mwrsJK	0
UgzJTqLXyJSbv9-cYzZ4AaABAg	0
UgzV62bL8ewo86_EZTB4AaABAg	1
Ugy1Y9nTHDjcZfYVGdh4AaABAg.9LUbNtbk2Ab9LhzcLl9Sg_	0
Ugz9wnqCEDShTeqJu694AaABAg.9LY6tprNIN29LgnYEbma22	0
UgwKnBFS1WPGZbR36mN4AaABAg	1
Ugz2MLKRPBoXphVt8u14AaABAg	1
UgwTAnmaSCh5cHSuvBh4AaABAg	0
UgwkffejanDE9QfYIpZ4AaABAg.9LUcB9zthJH9LVrw_1xe9h	1
UgxAGB1_U1pnClJbrUh4AaABAg	0
UgzT6Q7TqFkUn-usaMJ4AaABAg.9LTlR41tfy-9LUFbl-I86F	-1
UgyzuufcwALSYjm9ydt4AaABAg.9LWL3uSBXQa9LWbb6sCxI6	1
UgxG9ObFalVLqCnCyhx4AaABAg	1
Ugx6GSYIq9BdNUPCNrh4AaABAg	0
Ugz10ObAHvJefYnumV94AaABAg.9LU8SpG0pQt9LUA0wsWRs6	0
Ugxoao9B3YsmMoahO0V4AaABAg.9LTk83Z2zhs9LTm4U4gdzx	-1
Ugw-ki8utN-M1xdQYGB4AaABAg	1
UgwShkV8vzzOdOVQXSd4AaABAg.9LVWA07u8659LXeOc0d75v	1
UgzX_7jtuZ4-RZ0ex4J4AaABAg	1
UgyzVufx-RPhDkCbiIR4AaABAg	-1
UgztfFETBWttbOJpiHB4AaABAg	0
Ugyat3K9vnD5Z0qNtcl4AaABAg	0
UgxWUy-6cHa1ozsq-q54AaABAg	1
UgzEVRYQ0zMS6CK_lQR4AaABAg.9LWxyXulMSd9LXHaDybiTB	-1
UgyhbEHnrduHN4_0D_Z4AaABAg.9LTk4wWHm4N9LTr7mx-oJe	0
Ugy8JqxJxJb6LM2pksR4AaABAg	1
UgxeJD1vRbUKd6KH3Bd4AaABAg.9LUgr2gkKOS9LWwOUinw7Y	-1
Ugye7w5zfB284vmGnl94AaABAg.9LKHUX8pNd99LOe38_X5mT	0
UgxnLIeSC-HDVKXqNj54AaABAg	0
UgzliuerWuQb4Tf8vlZ4AaABAg	0
UgxNPjzfoanqBMK1_OJ4AaABAg.9LUwFzAUV0i9LX8ZfhVK8I	0
UgxA2ifpwsBzDNoUieR4AaABAg.9LJUV0IWCaI9LJbeceRCIB	0
UgydrjDImKuT38_n_P94AaABAg	0
Ugz0VCUDOlpAGRUeI554AaABAg	0
UgzQo0Hg90kB0JeaphF4AaABAg.9LK7ITcUQMh9LT96IHagnW	0
UgyMRSnjBSBCS-LrUC94AaABAg.9LJStrrbF9m9LJcDoAoYvs	0
UgwJ7GTb7BWkDQk6vIN4AaABAg.9LJRKtlSK1t9LJT0P0HDRf	0
UgxuMSsfvA0FUHNObLx4AaABAg	-1
Ugz_bP-b0T466_SvjxB4AaABAg.9LJQXmcGnOV9LJwkeLNnO1	0
UgzU2bogRxsGg6-R_yl4AaABAg	0
Ugxyx1vn_qBALqfHTpB4AaABAg	1
UgzZeXQpmOkYNX9eCBd4AaABAg	0
Ugz_bP-b0T466_SvjxB4AaABAg.9LJQXmcGnOV9LJo6daCSEf	0
UgxK57_SCB8Irrtuy5F4AaABAg.9LJkV77aoxo9LNBknxTh1Y	1
UgydsxhGsLJxtoPnpNd4AaABAg.9LJUNfE8Tdx9LL8nBW3zvZ	0
Ugw-YKbATSWh0n9FUu14AaABAg.9LUS3iKlKAm9MemjHwdJHj	0
UgxYNzvUdAEz2NjCe7F4AaABAg.9LOYzLMV9FL9LPOG4yO1eG	0
UgzPnDOuxDyktqJ-3sp4AaABAg	-1
UgzNQI-gWBN9kAeHSnB4AaABAg	1
Ugzjb3Az_-YpawP4AOZ4AaABAg	0
UgzBJgFVzWhp9Wx7uaZ4AaABAg.9LJab3TkorS9NjfGIZYRqb	-1
UgydsxhGsLJxtoPnpNd4AaABAg.9LJUNfE8Tdx9LJaLVr6Hdh	0
UgzyC0Qnbf4OecjS39J4AaABAg.9LJRBtYrzXP9LOQ0G0Psz_	0
Ugzfwu_PNBQ2cP_kbg14AaABAg	0
UgzQo0Hg90kB0JeaphF4AaABAg.9LK7ITcUQMh9LUzJKWwcxY	0
UgykBm7whuJ0DwtYoHR4AaABAg.9LJU8Fkcmlq9LKFRtwIabJ	0
UgyCkJDeIlR6dOTHgLV4AaABAg.9LKOjvKcaT29LKSUT1MkkR	0
UgzBJgFVzWhp9Wx7uaZ4AaABAg.9LJab3TkorS9LKV2efiuTl	0
UgykF_HEZRd2fnJ3VqB4AaABAg	0
Ugw7xn1bg5uT777U_5Z4AaABAg	0
UgxjqKfFUKWvjsLr4Gt4AaABAg	0
UgymeXHrWyhWREM8u5d4AaABAg.9LJ_YtmZzQY9LOPRit9wpM	0
Ugzv83HslCx5kpBW47B4AaABAg	0
UgwZG2fg6jpNfp_JopZ4AaABAg.9LJxuknfr6r9LNLLbD7vB4	0
UgxhLoXS9HknKVl6HFl4AaABAg.9LJgLzANSB99LKTRWxAaIX	0
UgydsxhGsLJxtoPnpNd4AaABAg.9LJUNfE8Tdx9LJ_3CrXkpD	0
UgyegkjGElCHEqnhvvV4AaABAg.9LJrN0DlJds9LL-ypFAmAh	0
UgzofnIh5uWH7XGsYtF4AaABAg	0
UgykBm7whuJ0DwtYoHR4AaABAg.9LJU8Fkcmlq9LKENZoCGVX	0
UgyocVteVZbXDbXsaRd4AaABAg.9LJY0fa_FC89LJd2qtll9_	0
Ugzhciwpo_sfC8gm0Id4AaABAg	1
Ugxk2PokXLp2kJTEgEd4AaABAg	0
UgydsxhGsLJxtoPnpNd4AaABAg.9LJUNfE8Tdx9LM-WBXkVyL	0
UgztfsDJ3eXEE5fVcDR4AaABAg	1
UgxK7XLX6Asno0cVHJ14AaABAg.9L1zitqXbgl9L3iPp2eSd1	0
UgyKAkBiZtZx3V5ebYJ4AaABAg.9L8k5t-3fbg9L9jp2gKebA	0
Ugxe2ZAkDeSnR7SyJOV4AaABAg.9L2D-_2vBzT9L4x8SDfDT0	0
Ugz76OTKbESHqcy8wft4AaABAg.9L4LXr37m4Q9L6zREKcoqW	0
UgzZjekqLLz99YQqZVZ4AaABAg.9L1xQO0nKO49L23I-thXBx	0
UgxmTcpLKqyiqYkIzqZ4AaABAg	0
UgyTxd16nxDFo_OJ_WF4AaABAg	0
UgwK_Pp0Z37XuAg-GIh4AaABAg.9L9l5WfxUdR9Lg1Y3xmaEv	0
UgxfbypywunQ_8gbb694AaABAg	0
UgyeSzjggRdmgSL1nVh4AaABAg	0
UgwVqOQHSHkury-gu1B4AaABAg	1
UgwK_Pp0Z37XuAg-GIh4AaABAg.9L9l5WfxUdR9LA0xmp2GWG	0
UgyKz0qAhnJSzLfDfE94AaABAg.9KgNMWIak1a9KgVJpyENI_	0
UgxeLxY0Fet-ddRZin94AaABAg	1
Ugx14zPzlehnNYOd8DZ4AaABAg	-1
Ugw04WtNXuNjT5TwWDJ4AaABAg	0
UgzkNcAM13E7jxaw5r14AaABAg.9KgVFhkjf379LDHy7ep8ha	0
UgyfiqPf_HGnv6DWMNt4AaABAg.9KgTtF122Rs9KgodcHj_sV	0
Ugxt5Gs_T7QdiLHbg194AaABAg	0
UgzpGm2y_xJ6rVnLWqh4AaABAg	0
UgzgUBTggaUhS8AmpQV4AaABAg	1
UgzaL99dEEYRSyZi-0F4AaABAg.9KsIXXbxTw_9KxqBrnNUjv	0
Ugz9YTgSJoWh8n_GDfl4AaABAg	0
Ugzp1w2oU4_wbzU_EHp4AaABAg	1
UgwP4PLE7OSWxpp-Jbh4AaABAg	0
UgzDKiUkoq5hw-d4igx4AaABAg.9KokV7qBZwd9KxLWXI8bQL	0
UgzaL99dEEYRSyZi-0F4AaABAg.9KsIXXbxTw_9Kxl5aMYNWS	0
Ugw9h40CFNAP3eONcsF4AaABAg	0
Ugy2C_HAiDyjiWuixu94AaABAg	0
UgxzAs_pn7C6nTiXFyp4AaABAg	0
UgwoN5J-Gja4au1a6Zt4AaABAg.9KXVeVxct7z9L3NE4t3ets	0
UgyVAfj_z71DEjDNow94AaABAg.9KjjcAJZdeZ9Km_c-CVf59	1
Ugxj9dAgtZbCIvj8NcJ4AaABAg	0
UgzaOyLZb3d7Owh5qSN4AaABAg	0
UgxSHKz9EnCMzf3J8Cx4AaABAg	0
UgzyEG3eVxbMTGfyiPZ4AaABAg.9Kg5A0XxtRi9KnrplAZPTW	0
UgwuUhZbYBxY-QRCmQt4AaABAg.9K_-AJPNJvK9LB1owsNSf1	0
Ugzj4FSbBPO9FUTN1k54AaABAg	0
UgzsxzFa_rtSCQnYWOJ4AaABAg	0
UgypiX-3Dw_uu_SZbld4AaABAg	1
UgyBFacqaJKqybgMayV4AaABAg.9LZrj9NrMrk9NUbhtIPhTt	0
UgzSVKAhfIoPC_UrbHB4AaABAg	0
UgyUXSrha6Hm3UwPnu94AaABAg	1
UgzY6xbdsyFFnXDEeJB4AaABAg	0
UgyERhyhAslbnogt2_14AaABAg.9Kb6FHWUgWf9MFl9iQ6SfV	0
UgxdpsbGApLdusmUkDp4AaABAg.9K_0VrJ8mPq9L2YL-ldVXP	0
UgwPUYoBGjl3_vPPHI14AaABAg	0
UgzSMYEDM5S09EGxKxF4AaABAg	1
Ugxg6sscIi-s4rwDhQR4AaABAg.9K9AD1-rOed9K9OrAEJTwT	0
UgydMt0vCuFXSCrDck94AaABAg.9K9UYkV6T7l9KAI24UEVBI	0
UgxfAh7kGSNfaTzEv-94AaABAg.9K6EjmMmrDh9K9gUnhXucJ	0
UgxBC0L-XZI99OdkYsd4AaABAg.9K7CjOp3-wu9K_GfI0JQ-I	1
Ugxg6sscIi-s4rwDhQR4AaABAg	1
Ugy6iyCJHfSnkSad3fV4AaABAg.9K7wB49XroG9K8locS38Rh	1
UgxTRQHqNcw2IHj0QAx4AaABAg.9K606jaBZEN9K8qOOQUuM_	0
UgzgYHxFw2Kt8c-Bwih4AaABAg.9KVEqNSly8H9_Az3DHSMwJ	0
UgxIB-ATmftwZEPQsc54AaABAg	0
UgwFhvaZifGLJf_6KaZ4AaABAg	1
Ugy_6GaFwRqRMz2QwHp4AaABAg.9K98B7kfmVK9K9COUjr_IG	0
UgzUIh4wHOIXs_D0KgJ4AaABAg.9K9EhRjjtad9K9OCGJWogG	0
Ugy6YNvjO7KbcIttz9t4AaABAg	-1
UgyBWnkCM1J3s1Phi6l4AaABAg	1
UgzSfOiHXNhyZMBtvnh4AaABAg	1
UgzcS17O7iSSPSqOrJ14AaABAg	0
UgzbZBR1Glwcn2md_Yl4AaABAg	0
Ugza_bTgOwaEbc8XheN4AaABAg	0
UgxZ9IP-l5kAVTp3zCF4AaABAg	0
UgxiaZzQ6QP4TnR49eV4AaABAg.9K6puUYMXv99WOTx-ynOha	0
Ugyq63I8NmP1ccWlHzZ4AaABAg	0
Ugz363U5ojOq7x4E8vZ4AaABAg	1
Ugwqx9CSibsBiRoASsB4AaABAg	1
UgynZW3c42L3Of4l_Ix4AaABAg	1
UgxhjDfhyaT7MN-ecM94AaABAg	0
UgxI99z7FU1Pc34blaN4AaABAg	1
UgybrzzJ91C_iiLDIYJ4AaABAg	0
Ugw-bxesPlbrTSGLVbt4AaABAg	0
UgwUSmeKBA6tm23M3v14AaABAg	0
Ugz_R_iDujK9yeIW9R94AaABAg.9JwYY_MoBCc9K5qNzJ8lgA	0
UgwaXGpxxNBhSLbTpBh4AaABAg.9OBPBDM8UXj9Od-OvrsDDS	0
UgxQF437Utj-X8wJGH14AaABAg	0
UgybbhVtjrY7tCkhwGR4AaABAg	0
UgxHsNafBYhfUMFlUAp4AaABAg	0
Ugx3CQtovEsogSsN0Rh4AaABAg	0
Ugy_aBX9w-KZt4aF99N4AaABAg	0
UgyOxZ9xOYEHs3ccmhZ4AaABAg	0
UgyNwrMui7DuV2gHTq54AaABAg	0
UgwdlqXOtwMpsSV-UVB4AaABAg.9JwtYaasVpb9LMkEIoWgAs	0
Ugz7n1paYY-Y_D25AHt4AaABAg	1
UgyrT3kfz9qs2iK7Z-N4AaABAg	0
UgxVT7swqn5lDcFYzJ54AaABAg	0
UgzROlNQ2EU-7pIV4N4AaABAg	1
UgwYBd3JFn2ao2KJhOx4AaABAg	0
Ugzk19qUrMSUz4TGnf14AaABAg.9JwLV52slut9K45_uDZG4k	0
Ugx-ez2JixLntzaDlfR4AaABAg	0
UgxWZOx1Ed_-0u8pyZN4AaABAg.9Jx5x5APQj49LjSYBPOYp1	0
UgyYrpyUZBOiji3cVkh4AaABAg	0
Ugwf6o5NHfKbKPLeWJt4AaABAg	0
UgwyjJ3atN9UKPnufbB4AaABAg	0
UgyPWeu31hIFLh4ZfX14AaABAg.9Jw-x_4tw3N9Jwa9K9dyU7	0
UgyquNJpibjjDx0Lpnd4AaABAg	0
Ugy5tY-I_9jPvHc_snp4AaABAg	1
UgySmltbNKbHFL0PR1t4AaABAg	0
UgyM3JgK7sGeUppIYJp4AaABAg	0
UgxQ6S2b95yi7FzUjcN4AaABAg.9JwWGR8NJhH9JxVpQseZJ2	0
UgyFKu4ei73ipM-nXSx4AaABAg	1
Ugy4qZ8XDxnYoK92FD54AaABAg.9JwWGtUhJh29K3lifJ3QLy	-1
UgxEdfP4Tc2vOE1RwFh4AaABAg	1
UgysPHvqhrGgDyzPZK14AaABAg	0
Ugx6yMcwq7buyqPmKVV4AaABAg	1
UgzV1yiBRBS2pIRYQf94AaABAg	0
UgyZ8f7MR9n-8XXjYgZ4AaABAg	1
UgzVqvz5JrABbYpq44N4AaABAg	1
UgzZT9bip5lyYVr-Zsp4AaABAg	0
UgzRCtIEEXRkAAgNEzp4AaABAg.9JwYHsn4TN69JzxLOZYlnW	0
UgyZKPzQ51E1Sah_BAl4AaABAg	1
UgwAw_Um_0lmfcIX_lZ4AaABAg	0
Ugy1Ro5AzZCsLqHYKe54AaABAg	0
UgwrR9dInZ4rwfBwz_F4AaABAg	0
UgwPASAQjFv9NRv2lQJ4AaABAg.9K3zQDV97Iv9KEvcu7Tx7h	0
UgyLCi4WEY0Ttm6dd5Z4AaABAg	0
Ugx6cgg0mQaXr-hDXqx4AaABAg	0
Ugy2ZbnO3Rh68oDjRI94AaABAg	0
UgwdlqXOtwMpsSV-UVB4AaABAg.9JwtYaasVpb9LL6PPj_pDB	0
UgwwDfgyZkJJttLN6I54AaABAg	0
UgyaxH-PU0sss8YiGSx4AaABAg	1
Ugyr2DEGm9LD4vSBc6N4AaABAg	1
UgxOAFEkFD8paYNLFCN4AaABAg	1
UgzlXFPHE_H1Xn5pU_14AaABAg	0
UgyJCKh0-KWURqTF8ml4AaABAg	1
UgyRsTBJe1nfoJVTXnl4AaABAg.9JdOAW7GQAk9JiB7_4lADy	0
UgwzDg16iM0Rz8Hua1p4AaABAg	0
UgxJiMKb-Gmkf4WmgBB4AaABAg.9JdNrPLl8Jh9Jf5n_1cUWa	0
UgwwFgCec_ZWMYIYO2F4AaABAg.9JcgDVtwHc19JdPX2KS_oY	0
UgxmirmD-x9Aotb8Rkt4AaABAg	1
UgwwFgCec_ZWMYIYO2F4AaABAg.9JcgDVtwHc19M4tiqZdwmn	0
UgxKYwFN37ukwK5h3Zt4AaABAg	-1
UgyoH1RQyY6RlRPrWkN4AaABAg.9JcbbSvsxJ39KmwXbbY0g1	0
UgwQKMOV1vsfNSSSEBZ4AaABAg	-1
UgxtnIuRJH7Jlp2aeZx4AaABAg.9JdPwAvedJH9jhQkB9iJp2	0
Ugw0kD76OTFi3UWtiDR4AaABAg	0
UgyoH1RQyY6RlRPrWkN4AaABAg.9JcbbSvsxJ39JfbzZqxdVh	0
Ugx4h9YoOgPgfmSEnSJ4AaABAg	0
Ugz0OhIagH90GryhsIN4AaABAg	-1
UgxOQJtZzqFM2q7-9m94AaABAg	0
UgyoH1RQyY6RlRPrWkN4AaABAg.9JcbbSvsxJ39KmeHDdHIB5	0
Ugy9userKci4Pq7EJAB4AaABAg	0
Ugz0OhIagH90GryhsIN4AaABAg.9JcbMkNbts69JdEQV6Nqwg	0
UgzIpvj_FPp3j-MMQ6V4AaABAg	-1
Ugz-nOtqcjrNDrTH4OF4AaABAg	0
UgyRd5iWHKb9ZTqx9W54AaABAg	0
Ugz5s-m75qxyESE79jl4AaABAg.9JOUocgwM129JOzHIGvpCf	0
UgwzHtYIuDV3H3ofxMl4AaABAg.9JNshb5pQSS9JUCD18XvaO	0
Ugy9rg_RB0z110YMyol4AaABAg.9JR38Co64i09YjbiwHR8wB	0
Ugy0Sg208gyYYetzTXh4AaABAg	0
UgxGqNaOtSu8Hn7XR8x4AaABAg.9JTIUiHhBf29JXEH49HD9L	0
UgwDGyvNxm4ayTi0BJJ4AaABAg.9JMS_FuLbrN9JWcTXymRnp	0
Ugw-6Gv9iCc7rBKtOGR4AaABAg.9JOTm8y3B5V9JQKEpu7evP	0
Ugwgd0e3SYfno5kQi-h4AaABAg	0
Ugy9rg_RB0z110YMyol4AaABAg.9JR38Co64i09YjblGl1tWD	0
UgzkIdhzTOg214aHRqB4AaABAg	0
Ugx-feOXOeExzFWleJt4AaABAg	-1
Ugx3xUd-SWwa5iw24Gl4AaABAg.9J-dvPHnjit9J03JKqLcYY	0
UgzHiblNz9FkDnkNIpl4AaABAg.9miNodJ8Xm09qhWuGr0aVH	0
UgwaJi81G2znQj82g7d4AaABAg	0
Ugya4PkN41Wah3hJHpB4AaABAg	0
Ugwpbs2xv4ZYF3iJ_ol4AaABAg.9If03uDDLIc9If13QY07aC	0
UgwSPf4OBNpmsbV8dAV4AaABAg	0
Ugw7spDcDti4QJLfRQF4AaABAg.9KHH3LUbkcN9KPH99SlYTb	0
UgzqDrOQXIi65-FR4PV4AaABAg	0
Ugwh-Zod4y2otMmNh_14AaABAg.9K8xY0O4md59KHjckmHX6o	-1
UgynGpimbFB5BvRFVi14AaABAg	0
Ugyziv252uRsETKOTkF4AaABAg	1
UgyOydsuN5R43KCE5JF4AaABAg.9J4X4VQMvsv9NeYQOxqmaO	0
UgyyUA16kICPRnyVGth4AaABAg.9If3qRUKMg19Kf0paKxWBt	0
Ugz3_vG7LvAyKD3IkA94AaABAg	0
UgwadWKHrh1TajBUrgJ4AaABAg.9Iey1KKXHZS9If299UyJHa	0
UgxVrLxiq9a1hGsfE794AaABAg.9K7ZbSN-4YW9LBYD5lcy0O	0
UgzvvmadNx2hHjrF1jl4AaABAg	-1
UgwP8eiXc-l9zy5sYt54AaABAg.9KF9Ub2qWTt9KJ4W7U7TJO	0
Ugww9niAjVYaFZGwcFR4AaABAg	0
UgywsrBY0vGC6rTeULR4AaABAg.9Iew5I8GVKd9If-P1qxFCJ	0
UgxxQP3hD46V2GCgd1l4AaABAg.9IuSKbZxNvB9WWWkGz4bN2	0
UgxfYveMIrFoaWr6mip4AaABAg	-1
UgxSeOJkJAdSXd1Uru94AaABAg	-1
UgwHClfp8oa-Ur8L0r94AaABAg.9IlFCq-kyxs9LSXoxE9ne8	0
UgxhBF7OqxlamF2Jhxp4AaABAg	1
UgznxjQqdwnVeTF_N7p4AaABAg	0
Ugy8_pWsjamaqiRwH0x4AaABAg	-1
UgwPKPsEgYsHj-pVltl4AaABAg	1
UgxlaI_dN8kObp6BRoZ4AaABAg	0
Ugytkn5NnHc_LghxeTd4AaABAg	-1
UgyQH56esc95ca86uRN4AaABAg.9JIV2AOiq0W9LCA87_euKv	0
Ugw-BLBSs66MtsSiW-h4AaABAg.9InY_S82Y1C9NrRjIxJ-hE	0
UgwOHS283FquGoSMonB4AaABAg	-1
UgzLfQl8WHQzIGSDn4h4AaABAg	-1
UgziP8dMCidhfeR_Q214AaABAg	0
UgzrtkslOD5MVAN6jyV4AaABAg	0
UgxXiJOzIc8qq_hAuUx4AaABAg	-1
Ugw-5HK7QC8iAlaIm814AaABAg	0
UgywqWawxgtglX6SKbF4AaABAg.9IjWPumDCbT9J3pbr7Pkwt	0
Ugwu78K_d5K-b2Bi0NV4AaABAg.9IewT9XKRCi9Iryqu-9KQ_	0
UgwTMYJNZKD8wzhBBuV4AaABAg.9IuKP9Yqpfw9J2gIsKMJ0j	-1
UgySAlVDQyUZaD6a5fV4AaABAg.9If2_rCqRMc9If5SaQdM0Y	0
UgwsdeubEcNIPrA3TB14AaABAg.9IfBJiCKoZi9IfDtCux5uU	0
UgxknMLpxh17mPMavgh4AaABAg.9IezfRQGd1L9If4TV1TWJN	1
UgxMBQVZqA4IMvLSEY54AaABAg	1
Ugyu8S7BWh0ieRc4IWd4AaABAg.9Jp5vqppv7P9KBvCjMXVIO	0
UgxCOVuWOPR_2LE5Fat4AaABAg	-1
UgwzaEJ8a0H0K3ACaiV4AaABAg	1
UgysNBXTTkL2SYIqg5B4AaABAg.9KQg1ALrvbt9KSE0OuPQPJ	0
Ugz8CxZsUG8Jkpq0eRR4AaABAg	0
Ugw5jRq76TursMXDY2l4AaABAg	1
Ugxsykhf8DoBP2iuGMl4AaABAg	0
Ugzc6UBJKEUS9MJwEfd4AaABAg	0
UgwiKEtuVUekXZYd0od4AaABAg	0
Ugwh-Zod4y2otMmNh_14AaABAg.9K8xY0O4md59KBxehQc8L3	0
UgzELLriC0HvCElBomN4AaABAg	0
UgwYoY5accieI5CXViN4AaABAg	1
UgzNOidFOGRf2ZoUGfZ4AaABAg	-1
UgwZp4VsT0R505Z4-j14AaABAg	-1
UgzLdp5DvLZpHrUdC_h4AaABAg.9Ifk7dCxe_d9IhMwxxYuRC	-1
UgyWCfRoN2V3FOcvDCR4AaABAg	-1
UgwrQJZwJgmYaRb-9ht4AaABAg	-1
Ugy9v4OBHaBFkF4HCE54AaABAg	-1
UgyLGy1y8PNF7tE3ZfJ4AaABAg	0
Ugykj39rk4yceyHuPJZ4AaABAg	0
Ugw4Niyu6cQs1i698Yt4AaABAg.9IhRs-wA-ya9IzzgYiKgMY	0
UgzcNpOsFMVc_4S2psp4AaABAg	0
Ugwu78K_d5K-b2Bi0NV4AaABAg.9IewT9XKRCi9JiTBbgSyzS	0
UgwmjTe9T3R1CKqwBfV4AaABAg	1
UgwVfwo6RgmpCcVRYwN4AaABAg	-1
UgzArfpHi25W0wJwGOZ4AaABAg.9If0cWuuuHy9IfzEH6JDqR	0
UgygBNWYJ9Iot4sDLaF4AaABAg	0
UgxZ7EklgoFzrFXVroV4AaABAg.9KA1CPajjrr9KOC28IHsqW	0
Ugwu78K_d5K-b2Bi0NV4AaABAg.9IewT9XKRCi9K6TS0X8far	0
Ugw-6L2dCdNZKtGbgkx4AaABAg.9If4JRE_uH09J8T9tunHpv	0
UgxU7h518EYA7vH4KmF4AaABAg	0
UgzDANepQfMKXU-fQzN4AaABAg.9K8ThEZgdtq9K8Wd9vhlBE	0
UgybshuVD5lBWA_RE-B4AaABAg	0
UgwDQM9czX4SNvOvM7l4AaABAg	0
UgyKKuKcZbpvxfPD_O94AaABAg.9IeziPnlHPE9IfEYpWDEOu	0
UgxZ7EklgoFzrFXVroV4AaABAg.9KA1CPajjrr9KS5O8sMJVA	0
Ugwu78K_d5K-b2Bi0NV4AaABAg.9IewT9XKRCi9IfocX6ehE8	0
Ugw0ANL0V5W3EwvoDyR4AaABAg	-1
Ugy9Hrp1_G6R9qB9BrF4AaABAg	0
UgyV5hhKcfZn1vJrv-t4AaABAg.9KXa4ye-kwK9LBXVfeEYrI	0
UgyOydsuN5R43KCE5JF4AaABAg.9J4X4VQMvsv9WJMeBYHP0R	0
Ugwu78K_d5K-b2Bi0NV4AaABAg.9IewT9XKRCi9IfSa-v2Rgs	0
UgxMe0Hoyy7yeyGfQU54AaABAg	0
Ugwu78K_d5K-b2Bi0NV4AaABAg.9IewT9XKRCi9If3NjYqDFZ	1
UgwevKKpFJa65Q_HVZ94AaABAg	0
UgwQ-Bmw7tdAfzh_-r94AaABAg.9RAUQAsv_l_9TQCKfokuit	0
UgznG_C-8-7VZEsK-Kp4AaABAg.9K3h3Ag0fV69KCKqs3SYK6	0
UgxUNuB1Z5JX4pvMBz54AaABAg	0
UgyjxqHQDVEoyg-qxAB4AaABAg.9K5qEmOa2w69KCpIpXu7OL	0
UgyMmtfgDA6fZ6ByBsh4AaABAg	0
UgzfyIy2UfrtCVNP5GR4AaABAg	1
UgyQCFk6QISPWiFlgL14AaABAg	0
Ugwxlav3IKtLavpjBVB4AaABAg	0
UgxmsMbraPWrOufcnXN4AaABAg	0
UgzAHGrusq1JCO1M2Nh4AaABAg	0
UgzrINZC_5AFqlHTZpN4AaABAg.9If2ENc1rd19IfAqN9tlKN	0
UgwI9FlGIYOVGzVu1MN4AaABAg	-1
Ugwg7obwdzvJZ8eUa054AaABAg	0
UgxfAyLGv_XZVSdMHat4AaABAg	-1
Ugz8Vjas-3gZ9_8rAyl4AaABAg.9KGg51lfQAJ9KH1M6PTOBW	0
UgwPt1YFf75iv8qmkmZ4AaABAg	0
UgwRiOEIX6at0AX8_m54AaABAg.9KGEXfWYNtR9KGpT1Yebxu	0
UgzoNUPjyKLsohlMQN14AaABAg	1
UgwJeXKdR5baUC7fp-p4AaABAg	0
UgyaHuF7IkSYo-2qY2Z4AaABAg	1
UgzHnJKiHlAd27MtW8J4AaABAg.9If1P98Cmwy9If5VxduikG	0
UgzulVhW0C1i2dyTwwJ4AaABAg	0
UgzKk_4LiJ5K8qOu8S94AaABAg	-1
UgyCLl2yk-tqonEUPfR4AaABAg	0
UgxKlglf_WvbV7zjtQZ4AaABAg	0
UgwjYm7Fg9DQHvqUq9R4AaABAg	0
UgzDMEFbPBDS5kvchFl4AaABAg.9KHJXTZuTn59KTjOmsTTeP	0
UgzbL_kvZCE1SlvLm654AaABAg	0
UgxXBbM-9vx6wVAFu2h4AaABAg	1
UgzHT7kESE-jPwYZHWx4AaABAg	0
UgwdlJUmdY47yOZRtsV4AaABAg	0
UgwfHNYFF_5zrwMAUiF4AaABAg	-1
UgzNG5J1IP95tBMPn914AaABAg	0
UgyaNMO6slHd8BOZzXx4AaABAg	-1
UgzqXdNlhmtLWds2hKZ4AaABAg.9IlFXPPG8-O9X4xxv9bagY	-1
UgwjZQzQUyKG8hp14CV4AaABAg.9KHZbLOl17N9KO77X6rrId	0
Ugw4CuYrUTL-6euc2DJ4AaABAg	0
UgzuJxU7rZZLle6Iz354AaABAg	0
UgyrYiyb6S-HuUoQg1Z4AaABAg	0
UgxdHnuMr4SQBisSx-x4AaABAg	0
UgxbDZ6ZYn2WjxGG2yR4AaABAg	0
Ugw0GaZwdBnSC1FGyvl4AaABAg	1
Ugx3dg9J6dO8fc0QveR4AaABAg	0
UgzbRVY9jhzF6OPHDdd4AaABAg	-1
UgyD9D0c4SJt7l4W3aF4AaABAg	0
UgyMbvBmnnauXoxJPRB4AaABAg	1
UgweKscD6Lg7F2cw4LJ4AaABAg	0
UgyNl9xdtqnBItlEX_d4AaABAg.9IexcnYisop9If19OZeCYA	0
UgwDrUblGgOCGdhHaiN4AaABAg	0
UgxKTgGOxoh9hyO6D4t4AaABAg.9IhJbfKEY4E9K4_GRTn7As	0
UgyxTuhar5T_8TYAjM54AaABAg	-1
Ugwu78K_d5K-b2Bi0NV4AaABAg.9IewT9XKRCi9If0tGrOqml	0
UgyMmx3yIaCn1OkxUm94AaABAg	0
UgwqLBuAhqDzP5gRzch4AaABAg	0
Ugw5jRq76TursMXDY2l4AaABAg.9IfU3-wUGv09IjabHenJlp	0
Ugw1Hpi-bks7PTJTf2N4AaABAg	-1
Ugw7nCMgkCcMetwJ8sF4AaABAg	0
UgzzwOITH7zbYuOQOHx4AaABAg.9IeygDD_tNy9If114iUmG5	0
Ugxagyy-D83RSqkfmQZ4AaABAg	0
UgzwTymZ1-TkfBZnHk54AaABAg	0
UgyzfAO101rroimmF6d4AaABAg	0
UgwStVzGNwvEspRcf3t4AaABAg	0
UgzaZ9Jgu9WEmpdDQoh4AaABAg	0
UgwFH-A1v7z-pIgRtX54AaABAg	0
Ugw6qgAYlgOrLfnvihx4AaABAg	0
Ugy8WFE5kDCn8q0wZkd4AaABAg.9IexMYLek6D9IexjlTFxbt	0
UgzwdFe1PHIMMudLzOJ4AaABAg.9IQCvq4RNAU9IY62Ypdr82	0
Ugy6-gmcigwG9qveMQJ4AaABAg.9ITjgNCHDJJ9ITucBSGtoU	0
UgzAflfzUDqUQqIFqWl4AaABAg	0
UgyXEm4z5eYDGFWt9SZ4AaABAg	1
Ugx3elI9D8aZibUujhx4AaABAg	1
UgxNjK5t0zJJK93UF4V4AaABAg	0
UgyyPjyeDv64IHTM2n94AaABAg	-1
UgwAbq5IquR_gRVN7Gl4AaABAg	-1
UgwZXGGwlClx8LbsKWl4AaABAg	1
UgyfBmnZi9PkaPmss-54AaABAg	-1
Ugw9U6rIa10tQStZXFJ4AaABAg	-1
UgymHRkKRPY5dD-bQsR4AaABAg	-1
UgyzMdorl6FWq0bmU214AaABAg.9IQIyIDjGqt9Ot2BIlkdMK	0
UgwUDgznk0wIfEgLGsJ4AaABAg.9IQ7UT1ad5f9ISb93zq_En	0
UgyVQQxo3JJn03Lh6Zl4AaABAg	0
UgwmoDAecX6bPmzA4nt4AaABAg.9IQEPgaTy_t9I_M3FKEaJx	0
UgwzKwwM_u5KBiVID0N4AaABAg.9IfoSkVdra19rM0BBMrI6T	0
UgyGRgIKBtk1wp-xaEl4AaABAg	1
UgwLq05Mow00wykZ_6l4AaABAg.9IQ5vprig3Q9IQM2QO5NzP	0
Ugzu6DQ_Y32BSQvYRcF4AaABAg	1
UgzX4_7m1gblIBbb4vh4AaABAg	1
UgycZ8Zo5kMBL9Ul3H94AaABAg.9IBSUZfcTO79TcT3iH7CDI	0
UgycZ8Zo5kMBL9Ul3H94AaABAg.9IBSUZfcTO79TddQJA5F72	0
Ugx7TMGILFGJ_gv_xeZ4AaABAg.9PAgAkQzWYA9PAw-fjj5Oz	0
UgyIvZilB4x2Ki0xDBp4AaABAg.9P8R4RblAV39P8RoIZjhw0	-1
UgzYRvlXWyKFawgl-TB4AaABAg	0
UgzhCobvpI4dTQSoYqd4AaABAg.9P8HdIMOKsp9P8IZL4SKuv	0
Ugy6vVwL0JCw8DTlHzx4AaABAg.9P8KnoV-Z0i9P8MdAbn2zq	0
UgyhI2fqIHpTNWQPM8N4AaABAg	-1
UgwaENF-mlMlNFi3RnZ4AaABAg.9P879LNT3n-9P8EhJte-q6	-1
UgzkgAQukMSq9S_SyYF4AaABAg.9P9MJ85V_x69PAWW-BNv9z	-1
Ugy0zXvIwvGbgAB3gzR4AaABAg	0
Ugxz-fYAN6i1NUSOstR4AaABAg	0
UgySWc6JfQNgRA8a4dh4AaABAg.9P8KCn74PvF9P8Lpfyvglh	0
UgyR0Nn1Wm281Rf86sR4AaABAg	-1
UgwK8M6V7IoDKylzAsl4AaABAg	0
UgyvUzoggwPN0kjs2hh4AaABAg	-1
UgwgvUPRLp_Zw-aXp-B4AaABAg.9P9TWM-fDCM9PAbjPs7MZh	0
UgzB1S4F4sZPGBLC4BV4AaABAg	1
UgycrZJvhNf6lUx9P3B4AaABAg.9P8Fuck-5Or9P8JzK9LaBO	1
UgwwT15q7NREzfJvLTB4AaABAg	0
UgxdUWJ5eAheALxg2bZ4AaABAg.9P9UiVfC5Rc9P9hUmFbffc	0
UgwfVEieSuUtwZzUGpF4AaABAg.9P8BbA7XlOS9P8QPeyy9i7	1
Ugyj08E08osXPzlLQ454AaABAg.9P9PFia8lYa9P9QHwywb2U	0
UgzHUDBphnzaS6JgFFp4AaABAg.9P88JtV8r1f9P8Bklx2y4k	0
Ugzsxr8-EzxNUmGw2S94AaABAg	-1
UgzXc85CUdEyQXaJHvF4AaABAg.9P8BkF-cF9q9PUHu9ZCakS	1
UgxoDARjdu8F76ttcCl4AaABAg	0
UgxZkkphtF_qOvT3lXJ4AaABAg	-1
UgzFv_83-uG4gjJ9R4V4AaABAg.9P8Jh4imolq9P8KI3CnUdF	0
UgxhVbjINVQKpziGw914AaABAg.9P8GAe1EMl29P8KTQb5uKF	0
Ugy0Rt23OZq0A_M2YdJ4AaABAg.9P8J99On7JS9P8Js_pMAsd	0
Ugxlx4Sa24MSqSGt6tF4AaABAg.9P8Swnr5W-R9P9EKhZO79Y	0
UgxM_CkRaB_dtOnX0Jx4AaABAg	0
UgxVuHW8jXed3LzoNdN4AaABAg	0
Ugyb4gCdVyNQZ6w569x4AaABAg	1
UgzbxTgzililq4ilAQp4AaABAg	1
UgyxysGYXx9G4tDCo3t4AaABAg	0
UgyLCko46bGt-3z0dfp4AaABAg.9PAV6-qSUk09PAg3cGbddI	0
Ugyzj8xxSkXP2ib2mnd4AaABAg.9P8B0c1o6kk9P8B4qylWW0	0
Ugx2GOlC2tWhk0zWyth4AaABAg	1
UgxhVbjINVQKpziGw914AaABAg.9P8GAe1EMl29P8QAErCwUm	0
Ugxb5q6idxPlh1WHTlx4AaABAg.9P8LMqWrsxN9axQgWPMBDD	0
UgytbUiBEK2-rALfF-F4AaABAg	1
Ugw1zarqnjXx0n025Th4AaABAg.9P9NWOGlYlT9P9NmteJIMu	-1
UgzYOFx1SNYe1Orpchx4AaABAg.9P8MPprUYid9P8QrbHb4Lp	0
UgwECfbBM0WU9DDf-a94AaABAg	1
UgxcIjXXuyhBWYTnVpN4AaABAg.9P8MQI4TMRO9P8QGnKfAzN	1
UgxBWPyLdIs9FH1LTs94AaABAg.9P8OBkCkXV09P8cmgHf9qB	1
UgxZ49gXvyBxy3i15CV4AaABAg.9P8PPUnT75Q9PPvP6f_1--	0
UgyRmMb6y1iWPbbsbZR4AaABAg.9P9MSO7p0Cm9P9NQtipNcG	0
Ugw9FBhZH-LL7spIJDB4AaABAg	0
UgwvxdpxmrGm-ebeQTZ4AaABAg.9nNCbWs20219tTsmlJh16D	1
Ugz9K8r-KLczRlqtykh4AaABAg	-1
UgzVNbIcMLrRXSdcMgF4AaABAg	0
Ugz6rrrMakTGNm5UQFp4AaABAg	1
UgxV3STPSTGiwMXrUQ54AaABAg	1
Ugx7TMGILFGJ_gv_xeZ4AaABAg.9PAgAkQzWYA9PB7RFyJ5Mk	0
UgxF63L_RqWSc3kK7nR4AaABAg.9P8JSpkX8Zj9P8Lhq-OjPR	0
UgxEj6XvPSsIVQV9Ybd4AaABAg.9P9MXuLHurz9P9URUhuYKO	0
Ugx2THtiz1Aa2Uu4Sit4AaABAg.9P8LlE3_wNi9P9TWBCrqFG	0
Ugw1zarqnjXx0n025Th4AaABAg.9P9NWOGlYlT9P9QGQpfqgK	1
UgxljIH_v0A3iGMydYJ4AaABAg.9VCFePzo71b9Y4cv-T7WFn	1
UgzYaJckBA2bjbZfC2J4AaABAg	1
Ugy0OPK6vqXWvSMnROh4AaABAg	0
UgymtkFBd5UVmW6SUqN4AaABAg	1
UgxjyRDg3NivtzIrCLt4AaABAg.9PAwZwGyC-q9PAy_NXr-MN	0
UgwNk_42R5fEBYGgu094AaABAg	0
Ugxk3tSZWB3BIx9soZR4AaABAg.9P8D43jgriw9P8Z3u2MuhH	0
UgypK27m6JcJaPbosC14AaABAg	0
UgyXQc7A3ly-Y7Sz1SB4AaABAg.9PAY8HZEYKn9PB4AMGFzch	0
UgycrZJvhNf6lUx9P3B4AaABAg.9P8Fuck-5Or9P8NkriG1LF	1
UgzyVNrcOJvWICSlMgp4AaABAg.9P8Orl9i3It9PFudqdtw8T	0
UgxOb9AAhSSqPJ7-AOJ4AaABAg.9PAcC6EdBjc9PAiu1NV3BS	0
UgxPgLtjWZxm_oGzpaB4AaABAg	1
UgzCzTS50Pf-LBiD85l4AaABAg.9P9NiYXx2Ta9PBILAljPSh	0
UgwTjBDprrOqENq6yJR4AaABAg	1
UgwvMfr29OvdY8T2fzl4AaABAg.9PxYG8h1vE69PzcRh8xM_H	0
UgwCN-9TPJ10o4oGOI94AaABAg	1
UgzmrI1RlTPnzk6Pl6l4AaABAg.9P8M_L9Jm_R9UGxXoU0flz	0
UgycrZJvhNf6lUx9P3B4AaABAg.9P8Fuck-5Or9P8LpXHVAfi	1
UgycrZJvhNf6lUx9P3B4AaABAg.9P8Fuck-5Or9P8KPPvm67J	0
Ugyv4H3_RnBrko6QKcl4AaABAg	0
UgyHaVAyKYymaljfifF4AaABAg.9P8RTudulZF9P8WYMB0Qcl	1
UgxL2MPGQIiH9jo51Xx4AaABAg	0
UgyOVpZ--29cAICaOrZ4AaABAg.9P87tlQDaY49P8_QQljznt	0
UgzSOshFIXdiMMiLloh4AaABAg.9P87GNKDxa79P87j5oy-LY	0
Ugx7hZYSF-h2JGfnG1F4AaABAg.9PA_dZDIBdt9PAf4aWzKvQ	0
Ugw5679fyR_sVqFW_AV4AaABAg	0
UgzALAy51aQ5nq1TIHR4AaABAg.9P9LmEL6TOW9P9oEfydDcH	0
UgyWvZWeRX-IiNp_aLx4AaABAg	-1
Ugw1zarqnjXx0n025Th4AaABAg.9P9NWOGlYlT9P9RxgMQoDK	0
UgzwQk4KCDuA7wNv9NB4AaABAg.9P8JMrITYSq9P8KGnGVatn	1
UgykujRrG1qC2uvrZTB4AaABAg	1
UgwW-Xsf717heiChBbp4AaABAg.9P8Nq6tAgv79P8ONtN0U3V	0
Ugye11zFzOhHNWL4sbd4AaABAg.9P8AX4fux3f9P8BkzMgPQQ	0
Ugx9RHYMPMcKLh9z7Bh4AaABAg	0
UgxufE4yjLUMWKwsE5F4AaABAg.9P8JA5qJO6l9P8JY3XaWhO	0
Ugx7TMGILFGJ_gv_xeZ4AaABAg.9PAgAkQzWYA9PBMuVaDCjD	1
UgylFtZxCXSFGr69WAB4AaABAg.9P8O2wJBxTJ9P9OYCGFy1u	0
UgyRmMb6y1iWPbbsbZR4AaABAg.9P9MSO7p0Cm9P9PQrvWc5h	0
UgzALAy51aQ5nq1TIHR4AaABAg.9P9LmEL6TOW9P9Pn09EsJs	0
Ugx2THtiz1Aa2Uu4Sit4AaABAg.9P8LlE3_wNi9PJb8zv7TtI	1
Ugx5m3Vf_68UiHDXdP54AaABAg	0
Ugy_XgjNvWTUhbwee_R4AaABAg.9P87fwnW9-f9P8ABqZ45HS	1
UgzxfScMHAjUgmAAx214AaABAg.9P8G-T9AeVY9P8ISDyqGVV	1
Ugy9jHY8ZWdCQFOUzFZ4AaABAg	-1
UgwIpx0K161OGsheKNt4AaABAg.9P8HvFoDwYa9P8Sm-w1xme	-1
UgzkgAQukMSq9S_SyYF4AaABAg.9P9MJ85V_x69P9PSgfDUMN	0
UgzflgWoYw-Rs4BUXJ54AaABAg	1
UgzPnZfljdr70b4vjVl4AaABAg.9P8LLG8gdav9P8RrhDNRr_	0
UgyO6E-xk5qPC3PP8jN4AaABAg.9hKlTrKStd19julJ_qjlEe	0
Ugy2H_opbJNLRuPppq54AaABAg.9P8AQR84MEE9P8NnEHbrDp	0
UgxOo2zSAGYuW3fA-kx4AaABAg	-1
Ugx52EDscqmEmU-3jlZ4AaABAg	1
UgzQ1Jq41el2IgRoskB4AaABAg.9PB2bVFglMA9QkrfoPgx5a	0
UgycrZJvhNf6lUx9P3B4AaABAg.9P8Fuck-5Or9PD9QpgH2Sg	1
UgzvNCiFi6O0hf-D1kd4AaABAg.9P9RDB3xYmq9P9UB_0cBPK	0
UgzH19w-8gtusB76IUN4AaABAg	1
UgwaENF-mlMlNFi3RnZ4AaABAg.9P879LNT3n-9P8W_S8BN_L	0
UgwddjBxYURYfSAUPJ54AaABAg.9P8LPaGkat79P8MbFgq8Sa	1
UgyYg7gYcS-0PsXt7Hp4AaABAg	1
UgwLviRhwL4ed23rc0J4AaABAg	0
UgwsoYeKVYFHkHGvF_h4AaABAg	1
UgxrvPjcB64WEJzHpkF4AaABAg.9P2-JJ_AIuL9P2w40yAfrn	0
Ugw8ERwf_jRrC6olv4R4AaABAg	0
UgxfC2ujqOfbrT05qh94AaABAg.9P3M924kiUF9P4-D6LOu3f	1
UgzWWa6thMmnu9uW1XZ4AaABAg.9P6RFkIL3BB9POkXRWLskz	0
Ugz-qcVnvG4VkI4lc2J4AaABAg.9P2okFGThO69P5sXNw8wMR	0
UgwWhRqzLWQC76AzWEt4AaABAg	-1
Ugw0WC8-5axeHwliWZR4AaABAg.9OVUlHi4k7N9OVrLD1uRZg	0
Ugw80AzWZ1DlzHFcx_N4AaABAg	0
UgxH6IFde6a3OE2soWx4AaABAg	1
Ugw5no0BcxyJSh5EjKV4AaABAg.9OVJy_GXOee9OVLnNC1xeR	0
UgzJF0J5pYV3S5ktSUZ4AaABAg	0
UgxO3AwgP-PN4N6lnsB4AaABAg	-1
UgxZtDtoF7xVIRv73ON4AaABAg.9OVQxoIHqrD9OVfF6ZFGPU	0
UgxAAB4FtESxhwNXgvZ4AaABAg	0
UgyqSIQfLF7fq55vdhh4AaABAg	1
UgyY2TwrCXCMpb4eNtR4AaABAg	-1
UgznFgkENIPNuWJBh3N4AaABAg	1
UgzFtySY9smKeqY5ENd4AaABAg	1
UgwhGLoFaI0RnXrWJnp4AaABAg	0
UgwtElKJuhc6yB5WmQx4AaABAg.9OVSIRMd2y49OYYhFaA_94	1
Ugx59pIioWmxo5mRqGR4AaABAg	0
UgwE6-TK2tcU9f2hfJF4AaABAg	1
Ugzo-fH4rSjzZiSNifF4AaABAg.9OVUxEywyOS9OVgG6Wfjrw	0
UgzY7opK1duiur999354AaABAg.9OVL3gk_dZl9OVOiWMQL1j	0
Ugzo-fH4rSjzZiSNifF4AaABAg.9OVUxEywyOS9OVdh938J9W	0
UgxljBfgo4eoIn9PDCV4AaABAg	0
UgxlhlRtedQ63tZcKdV4AaABAg	1
UgyF-WDWktpN9-XyiZV4AaABAg.9OVZ-A5sWKh9OYZv5m1WyL	0
UgyazaroumKs_GjaIJB4AaABAg	-1
UgwKPyNGAVcRj2nkGrZ4AaABAg	1
Ugy93FfS4PUVgBPED5B4AaABAg	1
Ugz3X97Kwf3hCnb8HKx4AaABAg.9OVRg9_dJ579OVdUviiEte	0
UgytcNJLE3v6DpD3dN14AaABAg.9O3GYwnAcAO9OTCgi2z7TN	0
Ugyow5iOYRskfng46Il4AaABAg.9OkJ58i1aSU9PYeXvLRbnU	0
Ugz4KiuCKF6Ycgi3NiV4AaABAg.9O3I6rhoISq9O8ZNBmlDZ8	1
UgzAJKCzYcNeLeHlWm14AaABAg.9O7IjHMhpIT9OGQU5KS_Z4	0
UgzyxS6awuAy15iGUYh4AaABAg.9O6UKXscB5B9OI95Rps0ja	0
Ugz9NFaDqT_-1ZKHwpx4AaABAg	0
Ugxtlx0uN-glD56y4Wt4AaABAg	0
UgycO_LCvSEWXYjMSdl4AaABAg.9O8XUhcZ2Yg9OCa8AY2XCx	0
Ugyvjy-2LFq9_gaetFd4AaABAg	1
UgwE393pqNUqyArwXWR4AaABAg.9O3h_i5AJ0N9O6VYu5DoWf	1
Ugwt61Xr8d5Bh_cj6j54AaABAg	0
UgxEsVrJ6o9Ab5RyG5x4AaABAg	1
UgxXROE893QCQG7L8l54AaABAg.9O9CVdOT3Xl9Q-h7WLFybg	1
UgwcK6XwN_w5IFOPRR94AaABAg.9O3Da-621zX9O87I4gp1KT	0
Ugz4KiuCKF6Ycgi3NiV4AaABAg.9O3I6rhoISq9Qxa4lAaItk	0
UgxnSGf8rs2ql8ksmhp4AaABAg.9ODFK_GDWzL9ODet9oaNtr	0
UgzedTN9NpQarKJvhYh4AaABAg	0
UgweQ2vkPiy2wtjjqD14AaABAg.9O6fehEjygu9OAUm3PSMbb	0
UgzcLY0UXCwTu0AO5jp4AaABAg.9O4sBo7fZB39O6hM6W_BKy	-1
UgyY_hCMgVNrpp6Sl3J4AaABAg.9O36MQXvBJQ9O3hwugjZHs	0
Ugz4KiuCKF6Ycgi3NiV4AaABAg.9O3I6rhoISq9O9VkT9R0xP	0
UgwN1EJv8kAGyufCnUZ4AaABAg	1
UgyEfMjQwFsW81kaHCV4AaABAg	1
Ugyade6Ooxmf3bz50Ot4AaABAg.9NrV34SHU8L9O2mxo2VUMp	0
UgzFXMM1oFl7MshE1dh4AaABAg.9lyicdCUHeV9lzIno-SYI4	0
UgwLXLu793BMCm-wudt4AaABAg	0
UgzNJnjT35vZTb3Aujh4AaABAg.9NrSMcfG-BB9PhpgQ1j7cO	-1
Ugy11EMcVjaJCQkY-HV4AaABAg	1
UgzKvgDlSa6XZPLVgx14AaABAg.9NqhM5XzLqP9NrfnEksV4q	0
Ugzy4T6Xr6rd7Z27TRd4AaABAg.9NpWKJjV02v9NrKsBU0zf7	0
Ugxh3rbqNp6Vm5UaNEl4AaABAg	0
UgyWfWubeTQjs5sGUqt4AaABAg	0
Ugyxpc9o05VOfMjxou14AaABAg	-1
UgxdLbqNzCYNkQW-dpZ4AaABAg.9NSqUYT_9rZ9NTJa9Shj72	0
UgxlbhDrbQIjzVxULOl4AaABAg.9NSfvoG1wPe9NT5z1CV0sn	-1
UgxO63JWWLpurV7y_5x4AaABAg	0
UgwVRKclXb2yFRIN_5p4AaABAg	0
Ugx4iWH8asIA2r7Xowx4AaABAg	1
UgyNpqlJEZ1fKz16-kZ4AaABAg	0
UgxBsmuIDUuygbIWUg94AaABAg.9NSg5ZMGlHN9NSi4H12I8J	0
Ugwj4bG3C9UWzBebH7J4AaABAg	0
UgwGIyAEjUDRtCb_s8l4AaABAg.9NSjZj5YwZS9NSvaSOH_wr	0
UgwMb2v-a5LtdIkqiE14AaABAg	0
UgweBBFZaIEkZNNyE3V4AaABAg	0
Ugwv-a0qeOm7yS32Rct4AaABAg	0
UgyabKe86_9Efafjigl4AaABAg	0
UgxOlz5vyC9Q2vXRL_R4AaABAg	0
Ugw96dWTOpCUZfWZzuV4AaABAg.9NSkMw7mc6-9NVzC5sZcwM	0
UgyAydVy8_CqNR2MYvR4AaABAg	-1
Ugy7sQmFf_axVIwXYDB4AaABAg	0
Ugx8sWfp5r2ry1ClBQt4AaABAg	0
UgytNPVvLMsHgSD3LgR4AaABAg	0
UgzWmxTplLGZqVoCbWR4AaABAg	0
Ugwu4l1mNT9D7md0qqJ4AaABAg	0
Ugw4ZJwhEnp06ZkaMet4AaABAg.9NSfkzoXL_89NT826WGieR	0
Ugwjo9JKb1rD30zUXEl4AaABAg	0
UgxnvN1_YR-simOAm5F4AaABAg	0
Ugwr1JFxrYr9G6K7k-V4AaABAg.9NSq0W2zvFB9NTi2GoGVgh	0
Ugxbcd3M5mOQwfe6avl4AaABAg	0
UgxigiO6imhVQTqDoMN4AaABAg.9NSjx4TXd9Q9NSoYnkZGBk	0
UgzlNyeye8YlYyXHc2B4AaABAg.9NStz5mQk_x9_4GHAnp_e5	0
Ugx3r3XUfP895qQDNkZ4AaABAg	1
UgzmmOcYUXit6thjzHp4AaABAg	0
UgxvT5e0TeydRQsFIv14AaABAg.9NSdT_aBYlv9NSmZfJabzo	0
UgwMEmndJsgKB5tAc_J4AaABAg.9NT-ghF4jvu9NgN3czjO1M	0
UgwfjWZrRCW6orG0Bod4AaABAg	0
UgzlNyeye8YlYyXHc2B4AaABAg.9NStz5mQk_x9X8scBBLSIs	0
UgzrqXMWzQZTDb6JUrZ4AaABAg.9Nf94GkMPuq9Nh_A5emfZK	0
UgzhLB7aytK3ZDLkHHJ4AaABAg	0
Ugw2IGZ0ng-LFk9Zutt4AaABAg.9NShvEriO4r9NSklO8jCEK	0
UgxdCk0kCRgKEf9g69l4AaABAg.9NSeDhBlxwy9NTQW4q6aHn	0
UgxlbhDrbQIjzVxULOl4AaABAg.9NSfvoG1wPe9NSzqpuNmXs	0
Ugw4ZJwhEnp06ZkaMet4AaABAg.9NSfkzoXL_89NWmmfvNBEf	0
UgyEQALLNYFkdXUZJ6B4AaABAg.9NbAC2S3nWo9OvbcxamZv9	0
Ugz9lA4bVv7Emhx4FI94AaABAg	0
Ugw-tB3h2x0ziW0QsN14AaABAg	0
UgyMy9gayE3t9-Csh214AaABAg	0
Ugy6_r5LuYVNR3GOpLh4AaABAg	0
UgwdVyvHFzVC72KFKDd4AaABAg.9NSdNYVKT6q9NSpNuWXH_w	0
UgwWEHTtjz90rRsiaNV4AaABAg	0
UgxVTdZclXJpgDeh4Q94AaABAg.9NSryf6APwy9NTQ2_5awzN	0
Ugw96dWTOpCUZfWZzuV4AaABAg.9NSkMw7mc6-9Netip6U-Ic	0
UgyFtgQlViR-hRenJm54AaABAg.9NSgYyL6gC89NShU95afir	0
Ugw2IGZ0ng-LFk9Zutt4AaABAg.9NShvEriO4r9NUBWKZGepO	0
Ugw2IGZ0ng-LFk9Zutt4AaABAg.9NShvEriO4r9NTLvwbgTvy	0
UgxBsmuIDUuygbIWUg94AaABAg.9NSg5ZMGlHN9NSisIeYB_s	0
UgxdLbqNzCYNkQW-dpZ4AaABAg.9NSqUYT_9rZ9NTJvPl2WRA	0
UgyHPJVr7wK_6diXoIt4AaABAg	1
UgwraNtHaphTvefVqu54AaABAg.9NgOOVabWYD9mFtIrxi1Am	0
UgxO-kDaEaZ-bNcjsx14AaABAg.9NSpoI9pXjJ9NT1Mbb1Veu	0
Ugwt3fVkHrlNhRVU3Nx4AaABAg.9NCUZPqclve9Wb9DoXF_4F	1
UgxwUv7g3J1kPJdRrCl4AaABAg	1
UgxRO5qsnckH-CtGS894AaABAg.9NAzTmh-JJg9NFawG56lmT	0
UgzHNdFP0RZ_m66b3uR4AaABAg.9NB0baizsNM9ap3m2AbQST	1
UgxRO5qsnckH-CtGS894AaABAg.9NAzTmh-JJg9Ngwm9o5hBh	0
UgyvA-Sy1KXma-9wQIJ4AaABAg	0
UgwwwysYNOflwV7_-n94AaABAg	0
UgxM6AgH3phCx0rcP554AaABAg	1
UgyaT-4aDXOvNOw1grp4AaABAg	1
Ugy1UxVSTaWYxU7L7bB4AaABAg	-1
UgzgWTDIvLM1FNHaiGV4AaABAg	1
Ugxx9QMpE7Y3pmUOAfZ4AaABAg	0
UgwnFOkRCbxtfUBU8Bx4AaABAg	0
Ugz3n7AaTB98YUWEX_94AaABAg	-1
Ugx_bYz15rhITTbFhlV4AaABAg	1
UgyN6JhC5wkSo7skDUx4AaABAg.9NEfEPrTt4W9NGMFNS6Whh	1
Ugzw0PgbslpVzeBpDB14AaABAg.9NAwJrm39nl9NBGcYXSaEB	0
UgyN6JhC5wkSo7skDUx4AaABAg.9NEfEPrTt4W9NGHDgQkzcZ	1
Ugwv_eWvwVWhHMx3Hh94AaABAg	1
UgxOu-LE9d1TSPsL6mB4AaABAg.9NMSYvCoppt9NRofUkAamD	0
Ugwm_br1Y-hIrjdD61B4AaABAg.9NB1va0Km-C9NBru9RamYq	1
UgwzpDf2KPtSSfDL9hV4AaABAg	0
Ugy5Cb6Iaq8HsRBvkM94AaABAg	1
UgyEFCz2Dn4zpZXug7F4AaABAg	1
UgwmxjvBlNWqiTzCcXV4AaABAg.9NDeQVqXHgR9NEAGx2e6d8	1
UgxRO5qsnckH-CtGS894AaABAg.9NAzTmh-JJg9NOS35-aGAr	1
UgwiLYI_Y66dixhb7cF4AaABAg	1
UgzAa9GF0UFVFkTm5BJ4AaABAg	0
UgzRK11f1xNSKHb0mQB4AaABAg	0
UgySz1QQHWY293aDuD94AaABAg	0
UgyGoJldvoMAstbRoE94AaABAg.9NB1At_zIip9NCumYJvkmn	-1
Ugyt3ZXA0m0GHHFFsFJ4AaABAg.9NLgP2lDgtI9NN134Wejhh	0
UgxRO5qsnckH-CtGS894AaABAg.9NAzTmh-JJg9O-KrK4amTh	0
UgycN07yD6KZjT8aaTp4AaABAg.9NMSnbaLrn59NUtm1r2ChL	1
UgwT1IHp3o88wyhqCi14AaABAg	0
Ugzqq4TU5Ymbw0yNivF4AaABAg	1
UgzBu3kXkeWotmAgIIF4AaABAg.9NS4JQudSGl9Y6nKLbIBnh	0
UgzGCf_cGYknNsGmvud4AaABAg	-1
Ugxq_PoZ1YxmLbPGKL14AaABAg.9NB1lJusHlI9NBRI9no0lk	0
Ugx26y10uQ9u7aS8QcZ4AaABAg	-1
UgzoRhKZyQaGhe40Byp4AaABAg	1
UgwxuKuNQJ1UZ4TR9mx4AaABAg	0
UgwpmxUs28K3rYw4fb94AaABAg	0
Ugx__R6ZBxFhAiDDLPJ4AaABAg.9NDU4hravQX9NPpZea43vj	0
UgxRzPZXZKtKJoOpdxR4AaABAg	1
UgxPARpurO-qmWgsX8B4AaABAg.9NB-XzPUn499NIWLEP7DeE	0
UgwupWQtwsW6aqavb5N4AaABAg	1
Ugxk_wLXxUVDHbiqjhl4AaABAg	-1
Ugz9aYc0xi1xYsyigbp4AaABAg	1
UgzHNdFP0RZ_m66b3uR4AaABAg.9NB0baizsNM9NFiDfA4r3p	0
Ugxp6sFqLZrCW1WK_rN4AaABAg.9NL_TyAAV1W9NNh6RtjB2g	0
Ugw6dYnVewxooriArax4AaABAg	0
UgyRAfENp5yq8jc5a3l4AaABAg.9NAxod0MIgK9NFDHoB3beJ	1
UgzC-5HxAduethU2wgZ4AaABAg	0
Ugxp6sFqLZrCW1WK_rN4AaABAg.9NL_TyAAV1W9NO0tMjt_u3	0
Ugxp6sFqLZrCW1WK_rN4AaABAg.9NL_TyAAV1W9NNNauXrKMv	0
Ugw3as1dMElttKLNv094AaABAg	1
UgzYBgq0tj7RCjomhtp4AaABAg.9NAzE1YniyZ9NKNYA8MV7G	1
UgyOi_uQ6Pnj4oJYRuZ4AaABAg	0
Ugxp6sFqLZrCW1WK_rN4AaABAg.9NL_TyAAV1W9NMrsglgEKV	0
UgxOu-LE9d1TSPsL6mB4AaABAg.9NMSYvCoppt9NnTxeG45n9	0
UgzMnB2WizeS9FOZW7t4AaABAg	0
UgwC0_ulzaQ8sYSWrPF4AaABAg	0
Ugxh2ujwULZHHU1WSzR4AaABAg	1
UgysHgv1auhRvu3Logl4AaABAg	0
UgxRYWgafXuGbHIKbaZ4AaABAg	0
UgxBcFsRT9oTxyVO3Pp4AaABAg	0
UgxiciKXkJFilJd4teR4AaABAg.9NAwf32_auQ9NAxnKoZ2gt	1
Ugxp6sFqLZrCW1WK_rN4AaABAg.9NL_TyAAV1W9NWNZ1Mm0we	0
UgzN50ELtmxTQLyeUdJ4AaABAg	1
UgzKaFluYpraYTRrxQt4AaABAg.9NPKtjTizk09NPkWElpgmM	0
Ugzk9TczVZEWsgWozQ14AaABAg.9NECHMnmxRy9NLmW7MvKC_	0
UgxF1U-N57PEUGlz_kt4AaABAg	0
UgxabRUWERdV4Mk6YKh4AaABAg	0
Ugz4ZkGcc9IEzYPavrB4AaABAg	0
UgzYBgq0tj7RCjomhtp4AaABAg.9NAzE1YniyZ9NLQzkZ7hKg	0
Ugxjxq1d0aGYkBo0L4x4AaABAg	-1
UgzUPigTagLQglr2veN4AaABAg	0
UgxmNUHRtEvLbFA3Etp4AaABAg	1
UgxwSoO01eEOVN30Jv94AaABAg	1
UgytAqV1rWGwuSs8DB94AaABAg.9N0ygELGAJK9N1u2oO7INI	0
UgxgwytYY-T3zw4e9eN4AaABAg.9N0IQQYAsW09QEEvjxp5m8	1
UgxO-hgkLmaGwc9bA2N4AaABAg	0
UgyOYTtX1nX-_AEhSSN4AaABAg.9N12N2Rc_GU9ofDoJSuct8	0
UgyvMIx3OTd-5wlHXOJ4AaABAg.9N0eGoFcQa69N12edfCTZb	0
Ugxn8lwekeITtzw5yjV4AaABAg.9N0BXV-xuPe9N0Jz6Kvqb4	0
Ugy4DxUss4QWVxCH4GF4AaABAg	1
UgzorduNzX6N1QGNIGF4AaABAg	0
UgzAhlAfFGdGDxhhVoV4AaABAg	1
Ugw1rUldPZo7X4pxhQF4AaABAg.9N8BppsHmpL9N8WFHtxGOe	1
UgxWt9GZn4xsm6_7PUh4AaABAg	1
Ugzf9GR9ER8gJsrDMwN4AaABAg	1
UgxkmLWh7FtvSR0TkB94AaABAg	1
UgxqsBurmde7To8Ua7Z4AaABAg	1
UgzAF784qE49n2o0h1x4AaABAg	1
UgyMnLNzN0VJcpwQSRx4AaABAg	1
UgxorQwQFKyesf8vXmV4AaABAg	1
UgxXNP1UVtFFHS0-HW54AaABAg	1
UgybSgEOWqo1JWlrBbd4AaABAg	0
UgwFGjaHbKmwL_2ZNTp4AaABAg.9N0Bm5boXpo9N0WQWznlzI	0
Ugw5UwTVBooQ7j9RmsZ4AaABAg	1
Ugw6gP3oqzkeqQoRpi54AaABAg.9N0OcU0_Pnw9PDavvmye-5	1
Ugyu7xj-EmUntM2OduV4AaABAg	0
UgwHyGR3LN4CT3U3v6t4AaABAg	1
UgweC0N6LqJOZ0IqAIZ4AaABAg	1
UgzsgEhOl7NxXXZr1Tl4AaABAg	1
UgyHwBTgSYNiYC2eIBV4AaABAg.9N1AhixTnCb9N5QrVj-Tvi	0
Ugx8jN8XcwbzAmjgBvJ4AaABAg	1
UgwwmOIMUjkNL_k2hSB4AaABAg	1
UgwuyyBwer59StDrtn94AaABAg	1
UgyWzwUUWzZDqLdq3hZ4AaABAg	1
Ugz8MKONURC5r2vsdMx4AaABAg	1
Ugw3YP-BhcUmhXMk1HR4AaABAg.9N3aBjFwKj19N6BWtdGZC_	0
UgxXD0l35qDX9kVq8I94AaABAg	1
UgzdhMW75O_zM0EVu_V4AaABAg	1
Ugx4yIr6GZ63SE_GykN4AaABAg	1
UgwKrNc5A1rFrknup7x4AaABAg.9N0ppIvJm4o9N1paJbDPHu	0
UgwGPx9Xpk2p6uCbEUB4AaABAg	1
UgwamJtIH2lZvgG1gld4AaABAg	-1
UgzNH9d49MmNcZiCThJ4AaABAg.9N1x0dBOI9-9N501pJ6Hj8	0
UgxmBoYSlTMeWhcQVCN4AaABAg	-1
UgzycP3QiDYcasSbR5V4AaABAg	1
UgzB1nkvmAfwJOJWvWR4AaABAg.9N3hJ2tBDY69N5FZ-096hj	0
UgyjXRcc_x6kIySNbTR4AaABAg	1
Ugxqaj7zsTCrkoJfzQp4AaABAg.9N0Qy6WSkp29N0RH9w9EQD	1
UgzoIxNEsKFxXGYx83B4AaABAg	1
UgyZlcOmRuN42bCW5Cl4AaABAg	1
UgzaJBb2eHPMlYlA4fp4AaABAg	1
UgwQg60QNnOvhChOgxl4AaABAg	1
Ugy78iBwOefTOKA63-N4AaABAg	1
UgzJnGhdE-_grEZmX2t4AaABAg	0
UgzicYwAB-65hW7OlxV4AaABAg	0
Ugxto0OOrtn48CoshF94AaABAg	1
UgygPxudGaPrTmF-VbB4AaABAg	1
UgzL8sKqDr24b-3FWKV4AaABAg	1
UgxkDkp6pv6nMb7CcqB4AaABAg	1
UgxnIBlaWxxsLlVjnTd4AaABAg	0
Ugw6oes9xr4BiWGiO5p4AaABAg	0
UgxjTGskSlBeNMEH0Px4AaABAg	0
UgxBp9EvuEQoamyHSDd4AaABAg	1
UgzBvigeZEYWbpPa1Xl4AaABAg	1
UgwnJQOFNZm4x3g1ED94AaABAg	0
UgxVZIySfAgrXS4WQrF4AaABAg	1
Ugz2hotn-hJW8LK0tYh4AaABAg.9N0GSCkGAG09NHdJ79uo-F	0
UgxKsmLNAs7Ch1CoTEl4AaABAg.9N1Ez416RPj9N1wJyNqsCz	-1
Ugwo0lsbDCKQ7j0Fy-F4AaABAg	1
UgxCMQPR67iSxlL3ZrJ4AaABAg.9N0KhZr4AkK9N0T3e4Ahqp	0
Ugz5_LB4aRB2WnCBP4x4AaABAg	0
UgykafxM7K9B8snHGix4AaABAg	1
UgyKs0j04AzI4byhnzV4AaABAg.9N8Jdnpbt5v9N9feabkwP1	1
Ugx5Zce0OlZ8AtRymct4AaABAg	1
UgyzdDFWFV887rtroPV4AaABAg	0
UgzoQ0LIFMtUZt1BRbd4AaABAg	1
UgycKI0g1i1U8Pum_BZ4AaABAg	1
UgyCOZgc7nAC6Q7fORl4AaABAg	1
UgxEzM8hjbtncvXRU114AaABAg	-1
UgyYFbqrwEK-HXCmIQZ4AaABAg	-1
UgwalNEoxRUXdJlyYC54AaABAg	0
UgynO1EJn5cQe6cERJl4AaABAg	0
Ugyiyi8aA8GqDRpq-9d4AaABAg	1
UgzNDNji2vdEwGPIrDJ4AaABAg.9N0Qt4MNMf19N2WQzT1ZaY	1
UgzpDiYxCtKdf2ZGUX14AaABAg	-1
UgxPksG7s2Ee6Z2Vnch4AaABAg.9N0dPAXHFrv9N17PCOE21Z	-1
UgwlWFvsrmozrNseuBh4AaABAg	1
UgxIzL5z4IQUAYmwNs54AaABAg	0
UgyJMAfzyp3OI-92arN4AaABAg	0
UgySpkyx7LtMQp15iQF4AaABAg	1
Ugy8zSnMBeX62ldBDoN4AaABAg	1
UgwZDIr5_h2A9Fvef2J4AaABAg	0
Ugy6eKWHuur6P62MaoR4AaABAg	1
UgzEbNHySYnPnDlE-jJ4AaABAg	0
UgxKsmLNAs7Ch1CoTEl4AaABAg.9N1Ez416RPj9N2vG_-aH9G	0
Ugx146Ot674d9ozOQDR4AaABAg	1
Ugwh24xTFt7sTFVxw_F4AaABAg	1
UgxvPxMjIwA9GaiMwEN4AaABAg	1
Ugw5mzr0cWalypJy49d4AaABAg	1
Ugwypvt6Th6QGowZ9K94AaABAg.9N1SNTsfANq9N2gIstON-u	0
UgxrsJXjT6M7zZPCq4N4AaABAg.9N8CC3cKz8l9N8Eg0i7-IT	0
Ugz5Ef_aqsV-4QtzFWF4AaABAg	1
UgwaMC0SwQB1fCny2fR4AaABAg	1
UgxPiqqUrWdImI7XfQp4AaABAg.9N1zdCn2W-o9N2Y5dnWt8j	0
Ugy2fvReZ5ExPMOtaKF4AaABAg	1
UgzZeM-9a00Y7_J6nex4AaABAg	0
UgzyOoMIH8yR2EWJK8d4AaABAg.9N0W2zE38-R9N0oVsbeDVp	0
Ugx6NbfFp9O1EpKNL2d4AaABAg	1
UgxEEhCdC8zyNOOq07B4AaABAg	1
UgwaajaEey8ed9msJkx4AaABAg	1
Ugx2nPD9XbV4pg4bnB54AaABAg.9N0CGeImJa99N0H0TC9npM	0
UgzBgyzBIr81iWSaIA14AaABAg	1
UgyyTfcfjZWY8qvKF7x4AaABAg.9N0P29FcnXB9N0eX8ErGQ7	1
UgwPnvJGaDhmeGRwSxV4AaABAg.9N0di6GOI0W9N0hmycG784	0
UgxEJbuXtYPODguWHvF4AaABAg	1
UgxeiFHEVdWT5beG73l4AaABAg	1
UgyX1Fs7HvXTUyWGar54AaABAg	1
UgyjaOQDJwE_8y4tsft4AaABAg	-1
UgwySDlUxvlKg62w2mN4AaABAg	1
UgwJ84LlY94eHSs2WTx4AaABAg.9N50c5S2fwn9NBoItGDoa4	0
Ugy6sPD-OGxj6Em5Frl4AaABAg	1
UgyV0ZNQRkn54WoW3Jx4AaABAg.9N8D-ckQ06Q9N8KZL3btGu	0
UgwZ4Ybz-6Mbu7za2ZF4AaABAg.9N0eLgzxhsG9N0lEKA3dw6	0
UgzO8rXA7NAXDKCBpGt4AaABAg	1
Ugx_TvW19vhnCyYamGJ4AaABAg	1
UgxI5dwijQKkjlt9-KJ4AaABAg.9N1R0IDVvsA9N1eEjsvxED	1
UgyFRHU4xh3sc8HJXNZ4AaABAg	1
UgyBZNp3xBCKDIHlirJ4AaABAg.9N0YBXJdqDM9N0noCFsUuW	0
UgwDGcamH8IaXktzze94AaABAg	1
Ugw_p_3OkT4kymKXDel4AaABAg	1
Ugxc31WMH_DGVkX42Mx4AaABAg.9N0UdHQbpdw9N0b_mOm06A	0
Ugz16fjRCYCe6fGQNy54AaABAg	0
UgyXSItrpw-VXQhGyFB4AaABAg	1
Ugw1feBk5xMiiNmKVSt4AaABAg	1
UgxZX0Q3vnFwFwvmTux4AaABAg	1
UgxqYYXjurc4rA5Nz4Z4AaABAg	1
UgxMPUHnCzpcXJezbwR4AaABAg	0
UgydgBwyxesfJC88ya54AaABAg.9N2DPEgnwly9N3BSz5acX8	1
UgzayWmZZ956LsaJENR4AaABAg	1
Ugw9bZOW7yZUiPRyPHN4AaABAg	1
Ugy-g7kkqirXj_sn8-l4AaABAg.9N0XUylwP5N9N37L_N3f4S	0
Ugy-RglkNvwiJjp2ojd4AaABAg	1
Ugwse1ZfO-dDESoA1xd4AaABAg	1
UgzT9NkhtPBtqLOnf_x4AaABAg	1
UgzBcT5EShwNfHYMnZd4AaABAg	1
UgwZT02L9c8AH__2m5t4AaABAg.9N0CZg7YcVn9N0O54HDO7Q	0
UgwJtAeyggffphfjMat4AaABAg.9N18lrNlmWq9N2Ijjew73D	0
UgyQkDfzlW94cITDrPB4AaABAg	0
Ugw0xgEHt8laCvoudEl4AaABAg.9N16yezvLbU9N6aN-9VAyg	0
Ugw1e64LxIlTiIr4JYF4AaABAg	1
Ugx3zmT3q5znpBl2yYd4AaABAg	0
UgzLmAbV15uWCIhGtwF4AaABAg	0
UgzHiuSXWht8lXcbPXV4AaABAg	1
UgzaAXQS8QkUUBkM2Id4AaABAg	1
Ugxj01c_G2_a_L-lAHp4AaABAg	1
UgwWLfZNvIAFJdZ-KJF4AaABAg.9N3APj2isgU9NADPxkgBU6	1
UgxgckwSZdqNQOUtaGV4AaABAg	1
UgwMz7g64Tf3Amlj1it4AaABAg.9N0wbuYGICk9N1GsqmDprT	-1
Ugy_cUiPwaO1L6AekTB4AaABAg	1
UgxiEakUyVCrHDnPiDF4AaABAg.9N5kzZR_Db69N5liY-q-if	0
UgxhQgg-ZZbAhuqO2NB4AaABAg	1
UgyZVe8lN3aO1VZbem54AaABAg	1
UgyucF7WtRG80iDMmfF4AaABAg	0
UgwHDz_ZbvDWTYttsRJ4AaABAg	0
UgyKFzhGR0sFo52AUT54AaABAg	1
UgxLw1Gw8MBmUvwsOwp4AaABAg	0
UgyvMIx3OTd-5wlHXOJ4AaABAg.9N0eGoFcQa69N2x02-SEJK	0
Ugzion-i7AxdwjfHISd4AaABAg.9N2eCbTtAnJ9N5I87r-M1u	0
UgxOtSFLABZGaOh41DR4AaABAg.9N0RnaWssHx9N0w4JDT3dU	0
Ugz3HR6mGetYSSWn6Vp4AaABAg	-1
UgxAmlpW_rhUqK98n6x4AaABAg.9N0CihK03Uj9N0DBf2-UCQ	0
UgwJ84LlY94eHSs2WTx4AaABAg.9N50c5S2fwn9NAweHbViJM	0
Ugx5T0m148f463aDkO54AaABAg	1
Ugx7fIRhY4MXsJ9vGD14AaABAg	1
Ugz1vm1dUnqY--lfa3l4AaABAg	0
UgxWVj_5x9YQBxndfFt4AaABAg	1
UgzF04RmdV4eVW9-atx4AaABAg	1
UgzQ8lM0xjTfrqFWsIN4AaABAg	0
UgxHi0c3XPp8RmBjogx4AaABAg	1
UgymMSrKam5DJhwoAJZ4AaABAg.9N1pt_gWyDw9N1wPyXCCIv	0
UgzA_pjhQUatByP4cXZ4AaABAg	0
Ugx23tvZlt6c0zXy9CV4AaABAg	1
UgxHON1Zpy2QjiPbRUF4AaABAg	1
UgxVL4VzbiqRx2qwbvx4AaABAg	1
UgyOYTtX1nX-_AEhSSN4AaABAg.9N12N2Rc_GU9sm0_qla5G7	0
UgzJgmSxgGpCXmtmi9t4AaABAg	1
Ugx8Vho8AP1nnm25RVd4AaABAg.9N0JYJ0qKqD9N0ilPOZXcT	0
UgwzMCuZKD-zb12EOfh4AaABAg	1
UgwJtAeyggffphfjMat4AaABAg.9N18lrNlmWq9N2PQwu5gzF	0
Ugz1N_MTAk1ML8GWxX54AaABAg	0
Ugx2Qq_FPHsCD3GbI814AaABAg	1
UgyIT7jkuPA_5YA4NLx4AaABAg	1
UgyrSflHXrhiY86H3jN4AaABAg	1
UgwIb4lns1y6vbebIM14AaABAg	1
UgyEOOIBC1jE_DqJl_d4AaABAg	1
UgwmuQ7jJIr62aoCGZ94AaABAg	1
UgyIqRXQ_smbxck1Yt14AaABAg	1
UgxCMQPR67iSxlL3ZrJ4AaABAg.9N0KhZr4AkK9N0NfJ8Lafr	0
Ugyq1M0rwJYv9ure2iV4AaABAg	1
Ugxhk5_x73-CaPs2ltR4AaABAg	1
UgzIluA6jOuJ8xE7qJx4AaABAg	0
UgzkF3-w-Jxyp-BVVs14AaABAg.9N21a5vlDyI9NKYSj42RTV	1
UgzttECnIlQ4mRSFof54AaABAg	1
UgxBpE1vMeCzfTCvr2Z4AaABAg.9N0SUFMCE6x9N25LSn7ZL4	0
Ugwypvt6Th6QGowZ9K94AaABAg.9N1SNTsfANq9N4FqSEU_ht	0
UgyyTfcfjZWY8qvKF7x4AaABAg.9N0P29FcnXB9N0nS0Ivfn-	0
UgzfnFGVrktzDhcax7V4AaABAg.9N0Zcc0DEIn9N2i9OK7_BS	0
UgzmsDn22QeP_z3P6Dx4AaABAg.9N3Sj3eweh09N8RyGxXmuu	0
UgxnslssTCEyNsLO02Z4AaABAg	1
UgwFGjaHbKmwL_2ZNTp4AaABAg.9N0Bm5boXpo9N31kYQoapc	0
UgyD5chE_eVH1gbb9DB4AaABAg.9N15EsfQSNT9N1iP0CrTVD	1
UgylVntxdNpxinO0nkZ4AaABAg	1
Ugzion-i7AxdwjfHISd4AaABAg.9N2eCbTtAnJ9N5pWW6Br5u	1
Ugy1adUjDSRPQSZmoct4AaABAg	1
UgyD5chE_eVH1gbb9DB4AaABAg.9N15EsfQSNT9N69z4VmQ1F	0
UgxdHpgjni8WFRmNufV4AaABAg	1
UgxtIJdZ_Kz1zcvK3kN4AaABAg	1
UgwbHI2oVfCTTm7rs9l4AaABAg.9N16OnaRasL9N52SEFHBs5	1
UgyjFQaY5Jnd5P8n3T14AaABAg.9N0M4lVZFac9N2dmz-femp	0
UgzfnFGVrktzDhcax7V4AaABAg.9N0Zcc0DEIn9N0poLJDJo2	0
Ugwv_ZL0n_HZoQRru2V4AaABAg	1
Ugzqmn2LbtcL1bo4v-V4AaABAg	1
UgyOPTc58sHwlgxR_KV4AaABAg	1
UgwhZ_eHgA2TeXE_Uy54AaABAg	1
UgyA7pA6TyDeHGSHpup4AaABAg	1
UgyeG3zrlrEcBlBw5VN4AaABAg	0
UgwMZ06o5xhQO8vT-WB4AaABAg	1
Ugzzh5mVIgxlL4NAWE54AaABAg.9N5pd8tkCs49N6Kb4Q4OWg	0
UgyBZNp3xBCKDIHlirJ4AaABAg	1
UgwMrLG9cAhn_xR6s3d4AaABAg.9N0BfpHVucn9N0GmzdeO-n	0
Ugx6vtSYe0XcDoVIMxt4AaABAg	1
UgwwSG4fTiHWC781HBx4AaABAg.9N4sjHP0TNy9N55R742bLn	1
Ugyms3uaHpqoJ2Jcdat4AaABAg	1
UgxwrMy_hOzBCNQVKEZ4AaABAg	1
UgwHLRIyL01AEI93tI14AaABAg.9N3WYG2a3cx9N67jzO0f4v	0
UgxyJk4t5Q9yYeP2k3l4AaABAg	1
UgxTe-bPGNuwBkpNPlJ4AaABAg	0
Ugxw93fk8QAceDlDXR94AaABAg	1
Ugxdu45BmT1SUG0BZqt4AaABAg	0
Ugw-meghCEITQCpUEu94AaABAg	0
UgysjOy5WEklOqBkDq54AaABAg.9N0zIgcZOxe9N29vjBoRwn	0
UgxcvOfT7mqp1HQJi5R4AaABAg	1
UgzmsDn22QeP_z3P6Dx4AaABAg.9N3Sj3eweh09N8s3qGiksd	0
UgwVlZ3pU2FgfVCWF654AaABAg	0
UgxOtSFLABZGaOh41DR4AaABAg.9N0RnaWssHx9N1lC4OAh9o	1
UgyNmbPXu2PbSDAlJO54AaABAg.9N1RBggwjV89N2gbfFboIg	0
Ugzion-i7AxdwjfHISd4AaABAg	0
UgxfxkDhFHBikwi6BF14AaABAg	1
UgxBVgmanuLcEzc0RoF4AaABAg	1
UgyPjmJuCNRW1XoHtt14AaABAg	1
UgyHk7PTfgk0n7SJ3il4AaABAg	1
UgwiksCpgqPKcxzmI_R4AaABAg	0
UgxvlCmXAWz72sU8fbt4AaABAg	1
Ugz_O8Ybq7SL2cnHOYR4AaABAg	1
UgyiZr3XLSxOf60VoOl4AaABAg	-1
UgwHtU0RTY-tSND-wdV4AaABAg	1
Ugxvb-g1Q2kVttULVLh4AaABAg	1
Ugw7fYWXVYXiBlkK_cl4AaABAg	1
UgxCMQPR67iSxlL3ZrJ4AaABAg.9N0KhZr4AkK9N0TafGVYjH	0
Ugy13hog7MscSaXXU3Z4AaABAg	1
Ugz0NAy0zeliDYNsXNZ4AaABAg	1
UgxoT1dRgD9LuHLd3qN4AaABAg	0
Ugx7kuPmTdak1KPBlp54AaABAg.9N5xkxgSKUS9N61TwzdLwH	0
Ugwla3sN3_f9G2iZpSF4AaABAg.9N66k_3RhzK9NDShi5Fpkz	0
Ugyke2g3ErpPSBGDQVR4AaABAg.9N1M9Q9SEUE9N3lY6iGWhj	0
UgyjUIjML0TFVsX6efR4AaABAg	1
Ugx320NuIda8eJw2Uyp4AaABAg	1
UgyEIJk7wOpL2staGkh4AaABAg	1
UgwqKM_T69PvYPw7ELh4AaABAg	1
UgyLyuUZGkqtlNu36GN4AaABAg	0
UgyTT3ZBEYb6uORRX0h4AaABAg.9N1-XAl6GNb9N5_RJVhJ25	0
UgxwJnlBcn8cEalriBl4AaABAg	1
UgxsvD4k3n5nTf5Zf8B4AaABAg	1
Ugy9TrajvcA1a6Ah10x4AaABAg	0
UgxJPU233031bDmThSx4AaABAg.9N0HBJpQJBP9N0vpBdDyzO	0
Ugwypvt6Th6QGowZ9K94AaABAg.9N1SNTsfANq9N2LfmIpYqI	0
Ugyw0Knl19WcxyPM2EZ4AaABAg	1
UgxnwlAwARThJ9-0AFl4AaABAg	1
Ugzr7vmUmBAr3Z2WdZd4AaABAg	1
Ugycg-a9bPiUispgbsh4AaABAg.9N3_UKBDXf79N50aHnbKk4	1
Ugx8Vho8AP1nnm25RVd4AaABAg.9N0JYJ0qKqD9N3ECySLfy0	0
UgzmshVk-99PFAMg-194AaABAg	1
Ugy0rjEsqiLDzvjrx0h4AaABAg	1
UgxXQp5eHJDyxtp_q4B4AaABAg.9N91oXgC09F9NA6EA-r6fP	0
Ugy7RExPabBz4aWK_od4AaABAg.9N5vK2GqYI39N646rSF0kj	0
UgwgS8d-dIUbgkrCoWR4AaABAg	1
UgwgXwBnDcjkz7L0utV4AaABAg	1
Ugzzh5mVIgxlL4NAWE54AaABAg.9N5pd8tkCs49N7WYE5iq2m	0
UgxitfBRUOU7ipxROqh4AaABAg	0
UgwGZ3CQI-bUW1CL-bJ4AaABAg	1
UgwUkH0R0UZYrTw11Jh4AaABAg.9NAjpCMmu9p9NAlRXfUTnE	0
Ugyuln6E-nRWW_f_0od4AaABAg	1
Ugz-f_jFK7v_JRZBR7N4AaABAg.9N1qDZ1aEjs9N2yK-W9a-A	1
UgxMQsYGJJWUqCoXhzh4AaABAg	1
UgzlYdI8zWenZRMW5n54AaABAg	1
UgxkPuM5-coA9vEcV-B4AaABAg	1
Ugx-VNUjphXoSZCGidx4AaABAg	1
Ugw1rUldPZo7X4pxhQF4AaABAg.9N8BppsHmpL9N8_xPg3DyU	0
UgzHiL_HrD9fTLiNLh14AaABAg	1
UgxOtSFLABZGaOh41DR4AaABAg.9N0RnaWssHx9N0wHTkBb-e	0
UgwvpDmws5VmJTLlTYh4AaABAg	1
UgwJC4mQjGMEme216C94AaABAg.9N0UzvK-b7Q9N0dBPoKhK_	-1
UgxwuYSlpF-wee-_ZUN4AaABAg.9N0tL78UeF_9N2BP_BWrFQ	1
UgyMQKTJcs_AcPWTYQp4AaABAg	1
UgysXpA3Q2OaWvCe_NR4AaABAg	1
UgzEKKJRUF5lv1Y0ejh4AaABAg	0
Ugxf9_4Ob0Qhbqzg21R4AaABAg	1
UgxDblsJNnAh1o8a0U54AaABAg	1
UgyxAX5z49mrlUMAFCp4AaABAg.9WaRBxXusCf9hXGURdxVJI	0
Ugy-uRIHrDQlxpchkOJ4AaABAg	1
UgwH0_KVcMQbBE4QhPd4AaABAg	1
UgxqDP9Xp8cHQUQw1zl4AaABAg	1
UgxmsROojm45ZrqP1l54AaABAg	-1
Ugwnu3R-vIlhe4kt1pl4AaABAg	1
UgzKxOcHAUEEOoQ3I2F4AaABAg.9W_bgvr6ss39WiL-Cd5RFv	1
UgxbU62RHU5rW79j_k94AaABAg	1
Ugzh8tOv1kLag1d5Gt94AaABAg	1
UgzKpB-g1Sb7bhWN40p4AaABAg.9W_ahl3E9rr9W_pGJ2rf7a	0
UgxB2m0CUQQiCppBS3F4AaABAg.9WGRWvOCMTw9WGVEOQ2nZF	0
Ugw4rSV7GMXoCrHF6m54AaABAg.9WGOFoOkUin9WG_CAfrOjg	0
UgwBUL2_e-GyDtodi7J4AaABAg.9WGPSOLtXh99WGmmEok2hH	0
UgwBUL2_e-GyDtodi7J4AaABAg.9WGPSOLtXh99WGf06yKlMN	0
Ugxwt8jJEzeo4L626n94AaABAg	0
UgxClnSIfdQto3xDCcN4AaABAg.9W0hqJ0frwp9WYEg5XpYHz	0
UgyRRf2pDtZ_wSMlGPh4AaABAg	0
UgykNEQyNWV1cRe9bKJ4AaABAg.9VjT1GyX3Pg9VjVyGkGCYO	0
UgykNEQyNWV1cRe9bKJ4AaABAg.9VjT1GyX3Pg9VjV9KbA0Xz	0
UgzkomOHNQJ4hPWMbv94AaABAg.9VjZxSAbf-u9VpLL1pUb-_	0
UgzIwNz3aCKovnv9i5V4AaABAg	0
UgzZev2mkaImuy0KfvR4AaABAg	1
Ugz4QHVKaleG00_0CRl4AaABAg.9VPu5qykvEi9VQghIIc0fe	0
UgwByDYquzkvadqqmad4AaABAg.9VMxFQ6pSYe9VPZFZoCkux	0
UgwNrPIVR38zeydvxXN4AaABAg	1
UgxPxbzTL6falmMjFa54AaABAg	1
Ugz-K4f91VjogsSU0zt4AaABAg	1
UgyhQMipZNOuR8u5xyF4AaABAg.9V3oNXGYs6G9V5Ni68d9A7	1
UgxQruxmx4xVw5wEbqx4AaABAg.9V3hY7KUJZt9V4mL6ypWb7	0
UgwKjUarkgA13E7rZ9p4AaABAg.9V2tZiNfDql9V2wiwi4HSU	0
UgzbOVQxgAzv1yrxqWt4AaABAg.9V2o-v7DPqp9V4N7gujiqV	1
Ugy6YGBoL8E2jvE9t2F4AaABAg	-1
UgxKcr7Tq0bAZwcMQwp4AaABAg	1
Ugxzmkha1JRWCHfhq-94AaABAg.9V3fUSFU25t9V3jeJ0on10	-1
UgwIfvg4gLSYFtiJkRF4AaABAg.9V3fH1yk1fa9V46bU_I4Dq	-1
Ugy9fxzzZgFvrnxLTjl4AaABAg	1
UgyhQMipZNOuR8u5xyF4AaABAg.9V3oNXGYs6G9V46OafB9wK	0
UgzrnvAU6gAfHK0hMzR4AaABAg.9VI-Oj-ZowZ9VIbgwGXtag	0
Ugwfq4MpbTcK16mop1t4AaABAg	1
UgypMd8adyqJmsrpOFt4AaABAg	1
Ugy5mY9_rMKcIJq8LuJ4AaABAg	1
UgzIfPdtW5xqIxSMdqd4AaABAg	-1
UgwbEIz1LBO4CVkpbgN4AaABAg.9V3fQVTqbG19V4PKXudGJj	-1
UgwnSSoTjnhKBkueZ5B4AaABAg	1
UgyhQMipZNOuR8u5xyF4AaABAg.9V3oNXGYs6G9V6M06PP_2Z	-1
UgyIW26D-F-F6einBd54AaABAg	0
UgwOOslpp0xYHNxphjJ4AaABAg	1
Ugxq_Z9ta-_ACw2ltSV4AaABAg	-1
UgxRvRI1Z8MXP9buNjp4AaABAg	-1
UgwBBjIeEtL6QGW1_1d4AaABAg	1
UgykOvu7j7V-yUjLcNV4AaABAg	0
UgwvTrSqd353_KpCsx94AaABAg.9V3fHmz0bdY9V5mM9RWpmK	0
UgwZnmiIRO7B_zL263R4AaABAg	0
UgzrnvAU6gAfHK0hMzR4AaABAg.9VI-Oj-ZowZ9VLrDkzWo_b	0
Ugw5jepqCFd8k7YWKrB4AaABAg	1
UgyhQMipZNOuR8u5xyF4AaABAg.9V3oNXGYs6G9V3x2Nn8sJa	1
Ugxlm6dJAufjsA0X0wp4AaABAg	1
UgwvTrSqd353_KpCsx94AaABAg.9V3fHmz0bdY9V6ZNPAt962	-1
UgzEEz9s6wIoZrth03p4AaABAg.9V3mtp_2C__9V40065gpX_	0
UgzEEz9s6wIoZrth03p4AaABAg.9V3mtp_2C__9V4MfDybN0A	1
UgypLhMouigatqPhrZZ4AaABAg	1
UgwCclYUUJo6xSMyQcp4AaABAg.9V3gBGaKDO99V4q2FwE5DA	-1
UgxHpKZqDA3SMNLZheB4AaABAg	1
UgxLUdfFtYoB8UgZloJ4AaABAg	1
UgxMBK6WyuOsETjjnH54AaABAg	-1
UgxPARCFpvbYYgWr2514AaABAg	1
UgyvIF767_Hl9eIvrGd4AaABAg	1
UgyhMuE8kffmY4vLxwJ4AaABAg.9VGyt1_ahvj9VKFsP4Ufa1	0
UgxkVK1_LighGuBMZMV4AaABAg	1
Ugz1xLp10OaVLrKmWEF4AaABAg	1
UgzIbo3WGGk2DpsYgXl4AaABAg	1
UgxIlkwykNfpKDHbnAJ4AaABAg	0
UgyhQMipZNOuR8u5xyF4AaABAg.9V3oNXGYs6G9V3uxOuH-WR	1
Ugz93QBXWuYQevIOKoV4AaABAg	1
UgxmVP5HQj4BsNC76Mh4AaABAg	1
UgyhQMipZNOuR8u5xyF4AaABAg.9V3oNXGYs6G9V4umohukLn	-1
Ugz2dk7pZ-e_22SEIlB4AaABAg	1
UgzpoohMiAye35IrmD94AaABAg.9V2xiuWj1ga9V3Wd50WFbd	1
UgywCP_sTvXE_yl0r6V4AaABAg	0
UgxlA5YX-yMQtFOlgxV4AaABAg	1
UgwfMWZF3AfEsOd8H7x4AaABAg.9V3eI4R1v6n9V3jfF7Shqf	-1
UgyH5AIoteSFsB3p7jF4AaABAg.9V3f5o6gmXt9V3qfN-p74B	1
UgywN_xUxrwcuxIlgX54AaABAg	1
UgwfMWZF3AfEsOd8H7x4AaABAg.9V3eI4R1v6n9V3mQHkrfjJ	0
UgxZCaM9oUqnGLlHhx14AaABAg	1
Ugz96jykTHiv3ATD0ZR4AaABAg	1
UgwX9ZBL7-0amv9aZtB4AaABAg	0
UgzaYA3vOo2OHyXiyql4AaABAg.9V3g_4PtN819V48YqTs90F	0
Ugycrl_3MZ8AHPEsUgl4AaABAg	1
UgxiXFv7wZOhL96VpaR4AaABAg.9V3qwEpj4Xp9V4BAyy5Did	-1
UgxihZ719k5yaS2THvB4AaABAg	1
UgyI4nJYVNUcaNRPw254AaABAg	1
UgyX-14bABll3r76Wv14AaABAg.9V2jBbC4YoQ9V2p5KMUdJZ	0
UgxnSnQlmGvgKpS_kgh4AaABAg.9VTQq1-aLcB9ed1DJZJZJW	0
UgxAzBfxcZM3tmcc01d4AaABAg	1
UgzXgpqslLMOEm1rnzF4AaABAg	0
UgwAtPPB-jmLdDOqru54AaABAg	0
UgyNC2-kr9qRqpW2N5F4AaABAg	1
Ugw1hd0bIsKOccJDc4h4AaABAg	1
UgwesJTDDATZ5UykZ7Z4AaABAg	1
Ugwis4llFsRTcpPUEP94AaABAg	0
Ugxnj3KKkHxdqg2oMoB4AaABAg.9UFlf--kT-w9UG7sB1Lna7	0
Ugy8pcZK9rizQ7rhD3p4AaABAg	1
Ugz6qPH4asmdPj3UUR54AaABAg	1
UgxvUjKhwiXxYvfyL1V4AaABAg	-1
UgzXzXoOORj05vmg2ZV4AaABAg.9UDa-W_1kz49UHa_x6vuVw	0
Ugy1Yr43QS7YXqoQ79p4AaABAg	1
Ugx2oUPUF2XDqXx4Cxd4AaABAg	0
Ugz46NG43iNMsR3hyG14AaABAg	1
UgwnWzxwsmMwG42ZrXd4AaABAg	1
UgxhZaM-RRhDw-v7CZV4AaABAg	0
UgwKKQUXj4beJfx77uh4AaABAg.9UCraxHGb0a9UDVRBSu8Kr	0
Ugx1UEleJiIeoJjjpGJ4AaABAg	1
Ugz3WZPxECsPcjNWZXp4AaABAg	1
UgzqoZUK-0kU-0EhG014AaABAg	1
UgwajcePkzXTWTBl74x4AaABAg	-1
Ugxyvz8YGb1cTM2Sp6V4AaABAg	1
UgxZ7zf6B2JlrVXlOGt4AaABAg	1
UgwOTPVb6hJwEksxVF54AaABAg	1
UgxXe1SDmL5UilhPpWx4AaABAg	1
UgzGMhqWTrF85ThR7wp4AaABAg	1
UgxTXJnwabTpebq9_qR4AaABAg	1
UgyRA8gA9bKxX7J_EMJ4AaABAg	0
Ugzbnzp3Ox5z3OYaa494AaABAg	0
Ugz5jYd5dV1ODGHWf4N4AaABAg	1
UgxkPNWtA2nFhwfHWJJ4AaABAg	1
Ugyq0Knhbilk3XYAq3Z4AaABAg	0
Ugy5IPyCDxNas2Z4e2l4AaABAg	1
UgwZREoeNk7J9E_bCsd4AaABAg	1
UgzaOfNrEk0681W_00F4AaABAg	1
Ugw8YrhXLh-LpEe6oR94AaABAg	1
UgxfdGbpuEZG1XUWLDR4AaABAg	1
UgwBh8Pa4tGLxXkyrA54AaABAg	1
Ugy-PBo5ydJ3rEnZvZx4AaABAg	1
UgzORc2rAf8Ugxm-N9h4AaABAg	1
UgzJr_7wOfcz58GK5eZ4AaABAg	1
UgwdL_YHI4QHeWkFS0R4AaABAg	1
Ugw9DaDkdvNfQHfKjP54AaABAg	1
UgzyPNP7IFy57z-nG_R4AaABAg	1
UgzLR3ooQZazh-BsD2p4AaABAg	-1
Ugwi28zF-a_srAoLoEF4AaABAg	1
UgyWOOrsboB8_dRIFjt4AaABAg.9UCqV4w-95p9UDNTTrHIJT	1
UgzG1HPkOM4K0_r0HLR4AaABAg.9UIW0wzFf2M9WcRUGa3vqy	0
UgyN2ZRTyTTJvPurTLl4AaABAg	-1
UgzGMhqWTrF85ThR7wp4AaABAg.9UCoCljT91s9UDrZ_FONgI	0
UgyEMhFqUq6fFO32uBx4AaABAg	1
UgwJ2hSJWwQoJq49R_94AaABAg	1
UgyT7GaK2H4tDXNaCUx4AaABAg	0
Ugw__FQhXbeD-QqsbIN4AaABAg.9UDCe0g1QyU9UFLonPTYCx	0
UgwzgE5h5PA744hRDN94AaABAg	0
UgxHZM69vzV-9yAfA854AaABAg	1
UgyrLqjSSaJf6rZGlNV4AaABAg	1
UgylYjUhOoTShC31zmt4AaABAg	1
UgwakM6eI6FY-bMzZv54AaABAg	1
Ugz8223fosIBSEC-yEJ4AaABAg.9UEs9wRaFWB9V60E4v5X8a	1
UgxeIbqQcpXmVm3x0_l4AaABAg	0
UgxPAJThjD_OX1cjGiB4AaABAg	1
UgwZkHYgPyVOLHjQHvN4AaABAg	1
UgwQL254jW0HMY_P2yF4AaABAg	0
Ugw5ygA9lY_nqdpfpDh4AaABAg	0
UgwP2sI-1w-ZB6FNKzF4AaABAg	1
Ugy-WUkabN2JH2Q11Ih4AaABAg	0
Ugw5XQo5_Vwocq3J5Z14AaABAg	1
Ugys1Vf27NX5SBRCXjJ4AaABAg.9UCb3Pe77uM9UCmP7N6gSK	0
Ugwm4Zr1CLQuddJLSuZ4AaABAg.9UDYId7IIHo9UDyWkyp6H7	0
Ugxc5_uBa0kv_33NuIJ4AaABAg.9UCu68BfyTU9UD3FVEW2vU	1
UgyBNfbYR0MFoyl7zDB4AaABAg	1
UgyxqP40w79IHyb-o3x4AaABAg.9UDdGW48f9A9UE5XADsyJM	1
UgxoDYi1Jo2gSTIhYpR4AaABAg	1
UgzIF2EgeXjSEcg3csR4AaABAg.9UD-2XMATMF9UFKYxtJtg1	-1
UgydZ2jf4UikcrZ1YjF4AaABAg.9UC_tNWd0uw9UCr0IQ5bKb	0
UgxnfjSMHJwOlbQ5Fwd4AaABAg	1
UgwNfRawj_YrdCaa37V4AaABAg.9UD37Dghk6J9UK47jn32gb	0
UgwD2quW1Kfj7OmaU5B4AaABAg	1
UgzsUasLqD8xWYXkj394AaABAg	1
UgzmU6zL6R1k4TSU1vZ4AaABAg	1
UgzpU8ue3YWc9t6n9xV4AaABAg.9UCWcVjaprv9UDmDJeQM0T	0
UgwnxAFJ9i_NcgkpwQR4AaABAg	1
UgyskXxaD2yU4mA2ZtV4AaABAg	1
UgxiY_HyPTwVChFAUm54AaABAg	1
UgxKtQb2LXRojmwMkkV4AaABAg	0
UgzVf8aGZ4XxXbwF89l4AaABAg	1
Ugyqsyvg6vRY174ngyp4AaABAg	1
UgyAHY3XIbXmxQY9Wu14AaABAg	1
UgzIyYb3P6wCj9dmScl4AaABAg.9UDurRH_VnA9UHpnmnZZbo	-1
Ugzl2rAsecpZmGre21x4AaABAg	1
Ugw0ka8YuZhk3szA6Xd4AaABAg	1
Ugx5jBsPcvYiE_6wFH14AaABAg.9UGRZaOaLIW9UHuF1iYHzI	1
UgxQs1k8PopRgNRnGJB4AaABAg.9UDClkq6DcM9UFDCYyYvsn	1
UgyYUVHKkQpCAP-SrvN4AaABAg	1
UgzC03St61VQnyNKuIF4AaABAg	0
Ugy3imHq2iu2NcC2GSB4AaABAg	1
UgzYl5yxHAPkb6Cegeh4AaABAg	0
Ugw9pn_iEyiOpxta3Dt4AaABAg	0
Ugzj2mWUoTQNLZMyKPJ4AaABAg	1
UgyXWScSEGnm2xdXugN4AaABAg	0
UgxwcpWTSztQjbBrpTl4AaABAg	1
Ugz_HJ_iDGE4Asmxi5J4AaABAg	1
UgyAmFdVXXBo63fivVp4AaABAg	0
UgxOlIh62cRcmwrbueN4AaABAg	1
Ugyuwa9OMdow2aIepJh4AaABAg.9UGT9tVCCDk9UGUM4dKNkg	0
UgyqZOs1lxVAxQZYBy54AaABAg	1
UgxQs1k8PopRgNRnGJB4AaABAg.9UDClkq6DcM9UFKVqsqs56	-1
UgznYHsbPvnuzuB-xJx4AaABAg	1
Ugz9aWHy4DEWs10oqUR4AaABAg	0
Ugzj9FaXFP1fJpfAffl4AaABAg	1
UgyCIt2O7hEWejrGNxN4AaABAg.9UCXP2dPbOI9UCePVvJqfe	-1
UgxtHbfHmj-QMFl3Aa54AaABAg	1
UgwmenC_2zemSt3kZ9J4AaABAg	0
UgxkjUumNTNs_fFEPF54AaABAg	1
Ugyr23C1VwB99HL2VBN4AaABAg	1
Ugw5WB99LLkssVHV5EN4AaABAg	1
UgyuPh0jws6u0WDZO8Z4AaABAg	1
UgzsoqTbpRYAri6puM14AaABAg	0
UgzQJlWeK448lqKwvC14AaABAg.9UC_wcsj7A99UDAQP494Ly	0
Ugz2ov0zULfGZLOit1t4AaABAg	1
UgwDUbm756B7kvgPEqp4AaABAg	0
UgxtaA1JqrIpYmWifzp4AaABAg	-1
UgxCO_7HcTuLFu_OmcZ4AaABAg	0
Ugzzif5dYux113_QExx4AaABAg.9UDbCydgQV99UI0wdLr5tG	-1
UgyDn32A3RbL9_nn8TN4AaABAg	1
Ugx5jBsPcvYiE_6wFH14AaABAg.9UGRZaOaLIW9UI8XK_8jWI	1
UgzaUG_WSygxDrdKh8J4AaABAg.9UGXL-Z7cUM9UHaH4mVmVF	-1
UgzKNf54yaK467FEEfx4AaABAg	1
UgwtHOZrMdUj8BN7qVV4AaABAg	1
UgxiFmWIX5cteNSMPMV4AaABAg	1
Ugys1Vf27NX5SBRCXjJ4AaABAg.9UCb3Pe77uM9UDGG5ZMqdo	1
Ugzx788RUnDH5PwzChF4AaABAg.9UFiYThdgEL9UG7qkVprYs	1
UgzLYgAs4d07V6K5No54AaABAg	1
UgwT7afoz6sNP3FxrMR4AaABAg	-1
UgwNsKl2Jg5XHHIOdIN4AaABAg	1
UgyKujbrTWptUZkfOuN4AaABAg	0
UgyPlBU6M-NWOG17OYl4AaABAg	0
UgyUb22nTiNk620Nv914AaABAg	0
Ugy4rk4hZxEq-0n69W94AaABAg	1
UgxEBNMSxhj4gvtWU9h4AaABAg	0
Ugy6-n0L0ilxuRJIMit4AaABAg	1
UgyIOZfw3WgjZmVnMm94AaABAg	-1
Ugw-4jxYgHJ9LTiWNwR4AaABAg	1
UgxsmH6uT_ohUMCihip4AaABAg.9UFgWRI4FvM9UFkYS2UwXV	1
UgwdCnj43CRskQtEsl54AaABAg.9UGa-1VSHDL9UHaNsKBhZ2	1
Ugxs0LrTUzkBn1UPWWJ4AaABAg	1
UgyYy7a60LcRYWz-RRd4AaABAg	1
UgxYuNJMixpSG0-KL-V4AaABAg.9UFj0rbWmcI9UIaTWDWaPQ	1
UgwiX37qI0u6SBMib3Z4AaABAg	0
Ugx3f9ckoFPzlNaARgZ4AaABAg	1
Ugzvf3xY69c7R5Yy6Nl4AaABAg.9UCyzHi31d99UDD-CxEPIf	0
UgzT8TYgKhyuceBsvnZ4AaABAg	1
UgxSfYy3NfNHRqb31lV4AaABAg.9UEDjZXfY9g9UIitc2tQOM	0
UgxWSiSCmcQ9YwIOCbt4AaABAg	1
UgwKLPlLOZmbkgLbbZ14AaABAg	0
Ugx4WX-StFNLSuieT9F4AaABAg.9UCzUhSvf7D9UGgisR3eVG	1
Ugytviq1brZYZoCn3854AaABAg	1
UgwxC7tQCJVaMIuuSlx4AaABAg.9UCvD1EVv669UCve90qGC-	0
UgxPTYL8EL9z2Cdhyg14AaABAg.9UFuG0cPO8B9UGImxKTu3s	0
Ugz7q8cSqUXwojaCy2d4AaABAg.9UCyYwq8k1S9UGlwOzViXo	0
Ugwt8ZRVgI9a6rNanwB4AaABAg	1
UgyrtbK-Et5XSqCjR914AaABAg	1
UgyCcqke6dVUESbfYCd4AaABAg	1
UgzKSEmTPFs2r1ru-C14AaABAg	1
Ugz_iTCVW3LnmcYfFjZ4AaABAg	1
UgzBf_g31gG6DCgrANB4AaABAg.9UCpUzEMtF59UCx_xFJOcP	0
UgzC6zGay-rozVl9ZIh4AaABAg	1
UgwYHbK3IgOxURwW0-B4AaABAg	0
UgwzFrhomGhQ0uoy5jp4AaABAg	1
Ugy4Zj5ubky1RmbURRN4AaABAg	1
UgycWAAOUGI9z6Om2fx4AaABAg	1
UgziAcdfWImvRT2eWqh4AaABAg	-1
UgyqCkydukJ2uQxklah4AaABAg	1
UgzQJlWeK448lqKwvC14AaABAg.9UC_wcsj7A99UF8dwAz7vJ	0
UgxATQYUHYPL2KQ4FhF4AaABAg	1
UgzWZkycUzAqaou9_tx4AaABAg	1
UgwTTA_4eVmTvXXIPYZ4AaABAg	1
UgzyZwh4jeVdNDJ0uUx4AaABAg	1
Ugx2mM88nWClQy5XZZV4AaABAg	0
UgyApM4CdcvKKO9LpC94AaABAg	1
UgzzKzk7eWwpxlEQtWx4AaABAg	1
Ugzx788RUnDH5PwzChF4AaABAg.9UFiYThdgEL9UGfRau9Pv5	0
Ugw-aVfPVmYO8l-Ax9J4AaABAg	1
UgxQEsA8F3U3j-vsfkB4AaABAg	0
UgwnqkeeRLLwp4IjsYp4AaABAg	1
UgxHwcr3pxBeYP3THs14AaABAg	1
Ugwparh4_9W5rfri_Oh4AaABAg	1
UgzrgD10G1JxfBuMn0l4AaABAg.9UCoerp340X9UDtJ4hL_u9	0
Ugy45Te2zWYwebGL4Xt4AaABAg	0
UgzQq6NMA876K_FN1Vt4AaABAg	1
Ugy-kmi1YvsImJrnCzN4AaABAg	1
UgweQJ_zng2IdoywKqN4AaABAg	1
Ugy1a_hdNgYHgP5AbHh4AaABAg	1
Ugxhh4-TXv3Y4TfcBN14AaABAg	1
Ugw3SZ36vXQi9m3zZYV4AaABAg	1
UgwvTzsl0ixmvZ3BweR4AaABAg	-1
Ugz-6ER4d0rzEcuTSsZ4AaABAg	1
UgzHq1DUP4Ij7-N05sR4AaABAg	1
UgwfVpSFVvYE9_B7PfV4AaABAg.9UDO28h7a529UG9px7A806	0
Ugwy2bcGMvbzhuMJ8ll4AaABAg.9UDL21gKQSC9UG4wyLwFVP	0
Ugzc4CneLqFy-A9CvO54AaABAg	0
UgwfA8zv2MiP0VBAUPB4AaABAg	1
UgzavkZZlRtSXiXDdrZ4AaABAg	1
Ugx4WX-StFNLSuieT9F4AaABAg.9UCzUhSvf7D9UGWKgRr7lW	0
UgyF-KcMSZzhJH0rDeB4AaABAg	0
Ugy-QBhOfqlgS4g4c6d4AaABAg	1
Ugxh_y67n9LBqr6WXVt4AaABAg	1
UgzQJlWeK448lqKwvC14AaABAg.9UC_wcsj7A99UGV3DnmxTx	1
Ugys1Vf27NX5SBRCXjJ4AaABAg.9UCb3Pe77uM9UCzAXYf0kA	0
Ugzvub07HS9zkbN0VBp4AaABAg	1
UgzRsrhxyjSPL01TTE54AaABAg	1
UgwIKjw9P0aHOpg5LDt4AaABAg	1
UgzU_qxGBmEkQR1q1xd4AaABAg	1
UgzBGWl_ucAx6AEcgMx4AaABAg	1
UgzyExFojQ5uqVaqExJ4AaABAg	1
UgxzgpFKCFeKRZzgiYV4AaABAg	1
Ugz5K8Xv6AqQptDhd0t4AaABAg	-1
Ugz4hKs7btMx9oH2O5N4AaABAg	1
UgwZUcYZzhwTtkp_WPp4AaABAg	1
Ugz0-_0Kzqrvbxm3irZ4AaABAg.9UGfesHfkQI9UHIHD-vg36	0
UgyiCenKz3SJpUWsvu94AaABAg.9UFj7UHCgyA9UG8ivwWuVF	-1
UgxB5oRPdl7jJs9ZJjB4AaABAg	0
UgyUF0bpc99duTi4foV4AaABAg	1
Ugy7dlg4h2KZLs3MKgZ4AaABAg	1
UgyHWyZ5w5htGyC6ICx4AaABAg.9UH_6ydh2599UH_MysivNy	-1
UgwdyoLmY6fRc-0Q7nB4AaABAg	1
UgzZ3OZeDJ3MvpZ6buZ4AaABAg.9UDWmQ5J_u_9UDX74tyCCf	0
UgzT6tM0fFHMDVIwzyB4AaABAg	0
Ugx2Bn453xxmlRzr_7t4AaABAg	0
UgzLfuVSuycdoDGjsz94AaABAg	0
UgyhZFccA-Sps9slwIx4AaABAg	1
Ugyc7TdUwPnpLTP48tF4AaABAg	-1
UgwXn1ffUAhe4en-5rx4AaABAg	0
UgxGrOFxEp873AHJ8pN4AaABAg	1
UgwWV5wPhwYR8v-rxcx4AaABAg	0
Ugwt2M6C81LNFP-wsd14AaABAg.9UCWbomBaF79UCeXjmXv_t	1
UgwNfRawj_YrdCaa37V4AaABAg	1
Ugyb2sT7pR_vgB5m5KN4AaABAg.9UCojJ7Y2kD9UFZP3fgZ25	0
UgzpU8ue3YWc9t6n9xV4AaABAg.9UCWcVjaprv9UD2o8Ny2KO	0
Ugy69joMiFd34VwP9kx4AaABAg	1
UgzOPkUWGue_ibsrqTN4AaABAg	1
Ugwv_TWEFqbQe9nRg8B4AaABAg	1
UgwVXuYOw22BfK2DBG54AaABAg.9UGPtaCCtQe9UIXXKdrZ2g	1
UgwYSD8PtWaZB-OsJI14AaABAg	0
Ugz-7cwO92LII05VY2x4AaABAg	1
Ugx61eo2W0zQPg1Rpx94AaABAg	0
UgzR3wzcXn7e1CqqC7R4AaABAg	1
UgxioL5ggPZbR8024LB4AaABAg	-1
UgzUegIO53_yGQ7-Bql4AaABAg	1
Ugx043WvlVlHZx4zKDF4AaABAg	1
Ugwt4W7VnE8dceYPdyF4AaABAg	1
Ugx2AQWNmIl-faqCLid4AaABAg	1
Ugw4bbBqBJUOKiZb_Xd4AaABAg	1
UgwYz4U5Msv8_zS7pth4AaABAg	0
UgxJRrqbq4Hy98vR8SB4AaABAg	1
UgwKYtEjMA3Vu-ZNsSR4AaABAg	1
UgyPo6ESvh8lFidY8QN4AaABAg	1
UgzPds8saw6kToR2Xax4AaABAg	1
Ugy5anpxD1WEvgrq86p4AaABAg	1
UgzS0t-Yl4QReBb6h4V4AaABAg.9UG7Zk7PuzB9UGPf7WLUe5	0
Ugw9zREYiZl_Z92dqDB4AaABAg	1
UgxJX4j342jXVVuEeuZ4AaABAg	1
Ugyb2sT7pR_vgB5m5KN4AaABAg.9UCojJ7Y2kD9UFcNv8BcGI	-1
UgxZ8zLsnFQNfFmDXlZ4AaABAg	1
UgwpoNYZBvNYMHCW9dp4AaABAg	1
Ugy9pQI-xnsj51eTEZF4AaABAg	1
Ugx_6Tmt09bV-QXwogZ4AaABAg	1
UgzvUZ7SR9OI-u5kiP54AaABAg	1
UgyYgELX-hn-r7-8Elx4AaABAg	1
UgzQJlWeK448lqKwvC14AaABAg.9UC_wcsj7A99UDD5GOv0XI	0
UgwyWQJo1jDaJ9-OZE54AaABAg	1
UgzZ4H4-bMJdDh6kqqV4AaABAg	0
UgwFxyiXOT7Q8gacUT14AaABAg	0
UgzIF2EgeXjSEcg3csR4AaABAg.9UD-2XMATMF9UINjIK2Eh5	0
UgxXy14xZzGEPBBhx5V4AaABAg	-1
UgycwGM8c0inX9LlQvF4AaABAg	1
UgwIMlL50V7XxZTzS314AaABAg.9UCZpzxJSdW9UDKIXjSmSI	0
UgybCRNEWliOrFVooH54AaABAg.9UCbbcTeLy29hywoYSoER0	0
UgzqPE25bV6UkwNRoE54AaABAg	0
Ugx3jh1S2tTfkkjg0_14AaABAg	-1
UgxxmRgl0vGbQOlJ2al4AaABAg	1
UgxpO5rjepfr4NVUhlR4AaABAg	1
UgylQChA-4bzsI-PV994AaABAg	1
Ugweh3UzN-1csw4OUUF4AaABAg	1
Ugw5JYam-zv9yVfoi2x4AaABAg	0
Ugy4dUe-xb4tk81qCCx4AaABAg.9UDWv_wHTYc9ULLR0_O9gd	0
UgwLqcctaRdPQEvreeF4AaABAg	1
UgyTxXJc4o4MEFmsSDV4AaABAg	1
Ugx4tDISdrlqojBMxVt4AaABAg	0
UgxP5bEChBeUAKmWsAR4AaABAg	0
UgwRgjASG3oOq8zXXnN4AaABAg	0
UgwLUI4I29fn_0901y14AaABAg	1
Ugw9coCm69QQkL2Kb7h4AaABAg	0
Ugzzif5dYux113_QExx4AaABAg.9UDbCydgQV99UGZN_-MHxx	1
UgxYScWfpnCiZ6Xkh2J4AaABAg.9UFfN1cHf7r9UFhaPwlPvh	1
Ugwx-vaHQdONwLJApU54AaABAg.9UDLYnuaoJ09UG2Hn3iY66	0
UgyAUyjOMLI2StEl_kZ4AaABAg	1
UgzyXkTXO17N_UwUH394AaABAg	0
UgzPB8Amh8SaJQWnvT54AaABAg	1
Ugzz3ChlfRHrvsT2vwF4AaABAg	1
UgwSRzfpCZUaLEHdsKJ4AaABAg	1
Ugwm2zFvQXyPY10i-0h4AaABAg	1
UgzJR8gIDsvqOYEUdI94AaABAg	1
Ugx-pZRYO_wVJhtqAgV4AaABAg	1
Ugwi5RBLX20e414sbWd4AaABAg.9UFXpfcAGv99UGGrNp_6db	1
UgyL0NRRwuixQ7RXLfV4AaABAg	0
UgwDnRNq1f__YAAlYlp4AaABAg	1
Ugxa1xrVWwdi7ECIY9N4AaABAg.9UFBGwaGdx79UzShqygmev	0
UgxgmwScVDp-NlqkTzF4AaABAg.9pKZYItNNK29rsL0qGo7cO	0
Ugw5NOEB4STUVGs428F4AaABAg.9UDNB1a6V8z9ULF2DzA1YG	0
UgzXTjbFoM8lsW3MTzF4AaABAg	1
Ugw3n9VBma-oVcg-EVt4AaABAg	0
UgxxItIe8h_RwYA_z1p4AaABAg	1
UgxbTzBEgoihjiDsPLV4AaABAg	1
Ugxt2v7OFYskZYWEsYp4AaABAg.9UGR_50A_u09UGRxlvw2JP	0
Ugy3CbMM_3jPgSlYYAd4AaABAg	1
Ugw2C2G9uAQtWs38QUJ4AaABAg.9UDGaxJRbmL9UIdioJMpOT	0
UgzVX_AQwkjCzZ6hQBV4AaABAg	1
UgwTv0pJo6EKvhYjN7t4AaABAg	1
Ugz0V-7igMPJGaUijMx4AaABAg	1
UgxI24hJCmrp6ajDbx94AaABAg	1
UgzAd1fUmqEbaJfoVbV4AaABAg	1
UgxE8_nFoJ4112hTsql4AaABAg.9UGQlsfj5xT9UIJaTAU-yd	0
Ugyv2441ETwUvJC1mXB4AaABAg	1
UgziU8ls6zwylcs504h4AaABAg	1
UgxQ-8oEmGX86sLcYQ94AaABAg	1
UgyxKMOvajbYTQ8yIal4AaABAg	1
UgyVH0hwfE6PKwc00ct4AaABAg	1
UgxbUI5RIQUuXRPuzKp4AaABAg	1
UgyGF6LkNZ4Kap24hx14AaABAg	1
UgwIraAxHfHegAK6a0h4AaABAg	1
UgxNZ3V6SunRz8rz1Vt4AaABAg	0
Ugz_RiIeWby_Yr-rszV4AaABAg	1
UgxEwdy9VrFkBUkfbNx4AaABAg	0
UgzaTfhQ1iLsD0kyi_d4AaABAg	1
UgzaGem9e1Dqofzq-Bx4AaABAg.9UDK7xD68sP9UGGmdrjPm2	0
Ugxxa7KsjdQJEQi3d5F4AaABAg.9UCs94Bi9m59UCxQz7PCGy	0
UgzspLdmiQXTbmqWSSV4AaABAg	0
UgwnIeOJX0nOYeLm-nl4AaABAg	0
Ugz7aUKYzVxuYJ042GB4AaABAg.9UFSv7e3aTc9ULQL0q5sNC	1
UgxbSYqT6rEUo3fVUfN4AaABAg	1
UgzaH843_g7hSa_M_D54AaABAg.9UD0riPKdyh9UEIfvBkUZu	0
Ugx_5pM6wzJ5TIgaQfx4AaABAg	1
Ugx7lcZwNrsnuk6QGVZ4AaABAg	0
UgzpU8ue3YWc9t6n9xV4AaABAg.9UCWcVjaprv9UCyeMfyr8b	0
Ugxi52xoi5R_3sMbHuV4AaABAg.9UCrq76O8009UF4t93NzYg	0
UgzJuSRUC6g1G6cE2Gp4AaABAg.9UDJ5SmSyhb9UQiEuHUzNi	0
Ugxu5rsa8oy7WxU15TN4AaABAg	1
UgynP8Se4bSUlIVPzwR4AaABAg	1
UgwDkNZsFfdGv7eWVD14AaABAg.9UGiYm56PfG9UHuAHscqGC	0
UgwJL9qgn2y8kKjvBo54AaABAg	-1
UgwKjb_mh2R_CnHJKx54AaABAg	0
UgzX2GKdlUZ8lUfE7-94AaABAg	1
UgwOYeaCKnjMES39yu54AaABAg	1
UgwUvx9fRWkvqn2iM4t4AaABAg	1
UgzFFIpDEZrG4qL0SZ54AaABAg	1
Ugw20SKk7kLz56pqw5x4AaABAg	1
UgzrgD10G1JxfBuMn0l4AaABAg.9UCoerp340X9UD-orzZbUe	1
UgwPQJIVvKzrK3HUYTl4AaABAg	1
UgyhAtHpcriFesXWucJ4AaABAg.9UGSq5hfnOP9UH3Y8CBN-W	-1
Ugz_TmzNzDy_7OOzEgN4AaABAg.9UDMC9zGo5G9UFRdz9GKv3	0
UgxUQFuaiHeqAmmvWL14AaABAg	1
Ugz7lHjq8sxerfmcofZ4AaABAg	1
UgwVXuYOw22BfK2DBG54AaABAg.9UGPtaCCtQe9UH1Klucp3L	0
UgwfB_-gzWQzosbaqhx4AaABAg	-1
UgyOfEA1E1inqvNjSeZ4AaABAg	0
UgxaVysvtUOBnSnx2uN4AaABAg	1
Ugzdc8uZn0ZK9BvdbpB4AaABAg	0
UgyQtnn7aLwQy38EmuV4AaABAg	1
UgxkCzDKmFXWzIS3BEt4AaABAg.9TezUg-Ig7z9Tjf44lQLRV	1
UgwtpMe8kcn5zlzz-HR4AaABAg	1
UgxHcLDCYUZRg5uWR0F4AaABAg	1
UgxsoLA-4kO8EGcstOB4AaABAg	1
Ugxgq31tmU5Siph0Mbh4AaABAg	1
UgzJMl70by-p8bCpPbZ4AaABAg	0
UgwSvFTuyNQfdU5_-d54AaABAg	1
UgyjqU4Hv53C7wAKHqJ4AaABAg	1
Ugwhe-7SSNsNhLZzdcZ4AaABAg	-1
Ugy-pspNYXTcIng_1MB4AaABAg	1
UgzDBsUrVqcYXdV7gMV4AaABAg	-1
UgzAfyrz-tFWkZ94AN14AaABAg	1
UgzjfYs2hKOYyeXAtHh4AaABAg	1
UgxkCzDKmFXWzIS3BEt4AaABAg.9TezUg-Ig7z9ThZUgLDfpI	0
UgyEaFwWISoawMwqnz14AaABAg	0
UgxPvND1Q8D04bs4XF14AaABAg	1
UgwPOOwJdgJZBIyOFqx4AaABAg.9TlX0uD8sFW9Tmx_G63XW3	1
Ugx4O9WtnONG1wbIR8l4AaABAg	1
UgwaogccTZzIIfnard94AaABAg	1
UgzZrEqN6w_2XDd4fHx4AaABAg	1
UgzZq30_Ry4Lj85SvjJ4AaABAg	1
Ugzda2SM1bfk3EdR8Ol4AaABAg	1
Ugxgqs_Wb7CPiOnLC694AaABAg	1
UgywOLMezi9f-WgmXoF4AaABAg.9Tg4HDJ1wRR9TjuoI1Cd3C	0
Ugzvhz5ChcjrUKJI4sJ4AaABAg	1
UgxY6OaF-FAXSsZY4RJ4AaABAg	1
UgwDO8pYSG29iwURvZ94AaABAg	1
UgwJbXQywVRaM7KHpyt4AaABAg	0
UgybwpzMUhAfcrOee9p4AaABAg.9Th6CZ-WddH9ZgPlbhSj6G	0
Ugw9T5D18fxorqS80Bx4AaABAg	1
UgxkCzDKmFXWzIS3BEt4AaABAg.9TezUg-Ig7z9URlfPp6zkZ	-1
UgygAeElWjvEqQvicdB4AaABAg	1
UgwN86Cr0iYQDTT_xhl4AaABAg.9Y9WkW2JfgV9ZA5zUtudkG	0
UgxFPd5xOAwzRC09IxZ4AaABAg	1
Ugyr0R6D94YYt9mGdKF4AaABAg	1
UgyuOiCt8YiY-IakRI94AaABAg	1
UgzPwgM_ED1Au7kXiwd4AaABAg	0
UgxTfzHiNcueM7SrqVh4AaABAg	1
UgwXEMzWcb6kcIaGzXV4AaABAg	1
Ugwd6x-HWA54DLf7Izl4AaABAg.9TexHhi7H379kVyT1r1ThW	0
Ugw6IwiIPWrHCpZebJ54AaABAg	1
UgwZKa8aaffFUyxP97R4AaABAg	0
UgzYs6EZ_PtwEHVCBm54AaABAg	1
UgzOeRbUzammoSS_7nV4AaABAg.9TembNvY4hQ9TftS9Rt2fe	-1
Ugx7WU3smt7xV4aNLAR4AaABAg	1
Ugw0SjUJCsD036XZfTN4AaABAg	1
UgwOP9a_Rw9-GzZdvHB4AaABAg	0
UgwsPTi7wEOJyAMYTrN4AaABAg.9Tfd8M93Nbe9TgDZ8UJ4Wh	1
Ugy__z0etJ9-FRaSJUl4AaABAg	1
UgzxbE77_RkwJGRXXUh4AaABAg	0
UgxkrCkmVRMSFYUtqbZ4AaABAg	1
UgwAqIuEIF33US-xNJt4AaABAg.9TkIxhAf_WI9TmIuBy0ePg	0
UgzxfO7BBYIhew6pijl4AaABAg	1
UgycKlt6t3uHgTIsVRd4AaABAg	1
Ugw3AO5DD3KimB1DCRR4AaABAg	1
Ugw4XwfeZ4n5Zvt9QK14AaABAg	1
UgwFn1ATPZsF4dvPypl4AaABAg	1
UgzY8CMzKzVHZLRLRVd4AaABAg	1
UgwSbB005d-FR2nonuJ4AaABAg	1
Ugx2kwFw1-tOX-IGLgx4AaABAg	1
UgyBkdrGPzknQAQCnC94AaABAg	1
UgxjWpck0Hs8QZBwp5N4AaABAg	1
UgyMPMTKvwTT2CMoE8J4AaABAg	1
UgxHujE3HXJLFA9W4Al4AaABAg.9TlT_HcR-oF9TmUiPltnh4	0
UgzufB7n_H3djF6oasx4AaABAg.9Tw4qQLNDAg9X2L6RdOX2A	0
UgzCG7TitNNnmZ8YB2h4AaABAg	1
UgwBQFOGfSG3dA_V0-14AaABAg	1
Ugw36IWjhEUWRuMCTPx4AaABAg	1
Ugx_zLnjAG7Th0ESfnN4AaABAg.9TjahB-2RJi9dMxXYBi6Bn	0
UgyIRNLm1AtmXmODVuB4AaABAg	1
UgzTNsxVgdeKjZuNwDp4AaABAg	1
UgzCM4V3p2pFMd32S0d4AaABAg.9TenrO_6e0k9Tfg-V1pu7J	1
Ugx9NPOkPXDm27SXSVd4AaABAg	1
UgxhLkSJ5Hrf-b9HlS14AaABAg	1
Ugyc_JKq23S1KWmc7tl4AaABAg	0
UgytT_Y43AfMRrnD2t14AaABAg	1
UgwFFVCLSkE3Ueeo8xx4AaABAg	1
Ugx2ewIqFI0q5zzKqAJ4AaABAg	1
UgxXuD8DD8JcPwWkQAN4AaABAg	1
UgxFZT_S1wCRsRJeOEd4AaABAg	1
Ugz9AEog4NF13bmBUFR4AaABAg	1
UgzWW5tTxrcL96U3OI14AaABAg	1
Ugzi6zEWmHTwO8OQdX54AaABAg	0
UgwqaD6J4yYHioBFYu54AaABAg	1
UgybwpzMUhAfcrOee9p4AaABAg.9Th6CZ-WddH9TrN1zPuu63	0
UgykS04yj4Fe-YgVtuV4AaABAg	0
UgxnIY63GAcx-AWE6Zx4AaABAg	1
Ugx2G1hZary4VgNZR7d4AaABAg	1
Ugz-gb9DYS1JzzyHUMt4AaABAg.9Th8wP4do0h9TlMCVu19e3	0
Ugx39a3Q6ZbnBrgFFDJ4AaABAg	0
Ugz_rNGOpJ-nD8oBfLV4AaABAg	1
UgxQsOCGr2AE5iy5n794AaABAg	1
UgyyxchdFuO_VsEK7yh4AaABAg	1
UgyPuLbnsywy2u1h7N94AaABAg	0
UgyPeZe0Ga11uGn7Jmx4AaABAg	1
Ugz06EiAYYyUCYBLssd4AaABAg	1
UgyyLrpn124mcRGYDdh4AaABAg	1
UgzRW3Jcgi_5FpgGrsR4AaABAg	1
UgzaZLk-OfC_7_z5AsR4AaABAg	1
UgyFMufDHahNn4EWoP14AaABAg	1
UgzeBHkiTNMvbPRXqf54AaABAg	1
UgxGjIb6HU-eBtnxIF14AaABAg	1
Ugz8G20ua88-NDlJpHx4AaABAg	1
UgwWJ36-N5hiGcbUyrl4AaABAg	1
Ugx9yYll3vGLFULUxXN4AaABAg	1
UgyT8vUOic69OlhaQ2J4AaABAg	1
UgxIWiUvf4vNnCyxfV94AaABAg	1
UgySyoXiXTGgr-wOmtZ4AaABAg	1
UgwiGtwUDZepBlxeLbR4AaABAg	1
UgywOLMezi9f-WgmXoF4AaABAg.9Tg4HDJ1wRR9ThC4dGcVjQ	0
UgzkJMbT5krA817nxoF4AaABAg	1
UgyWMLInGoH7LMYVMGZ4AaABAg	1
Ugxwvd5ZPoDsFWXgGE14AaABAg	1
Ugwjnc7UxjubDClWmeB4AaABAg	1
UgzER4YvVmIFJko9HH94AaABAg	1
Ugz3a__aXsV2gTX3sf94AaABAg	1
UgydKDeid8Ada78jTx54AaABAg	1
Ugx3cfeSiP-46rkQxmB4AaABAg	1
UgwBnrHIrePcM5d9i2R4AaABAg	1
UgymTe0VgSr2vyx256V4AaABAg	0
UgwhE2U8KXYLIojCDQd4AaABAg	1
Ugy6DETR9BTPfdFxhTJ4AaABAg	1
UgzD1s6pEi4GfS7T1sB4AaABAg.9Tf1PZqzxHi9TtUQthRqBm	0
Ugwk6E2S9h15TSxhLl54AaABAg	1
UgxMSmS8HDsK1uPLsOt4AaABAg	1
UgxkEjCmjthsFS_YtEh4AaABAg	1
UgyDUMxVPdW5vk2BOcR4AaABAg	1
UgxcGjCFwRwok3c30AN4AaABAg	0
UgybwpzMUhAfcrOee9p4AaABAg.9Th6CZ-WddH9TqqRZP8A2U	0
Ugw9beAh23EPUr4KxkN4AaABAg	1
Ugz9eSXV_ln5u4BZKbN4AaABAg	1
UgyWq5v3mhJ3lvpB9lR4AaABAg.9Tenx2tZS-d9TetBIV8r8I	0
Ugwcznc2Z71Xb2EpwCB4AaABAg	1
UgyOlRF_nqYJrkddf_l4AaABAg.9VJefaVgNUc9bLvfeWe_Ex	1
UgwlkcRog9lK8OWCoX94AaABAg	1
UgyHUroqzTcHdr6lmzJ4AaABAg	1
Ugxnd079vHr9_--TydJ4AaABAg	-1
UgxgSlABpOTsnTehV-h4AaABAg	1
UgxVoBi3eTV4zxXuuQx4AaABAg	1
Ugw09VWgJg_a_XAaQjN4AaABAg	1
Ugx5SNDI2BpoPxITdF94AaABAg	1
UgxaLjdgsN3tghQO-814AaABAg	1
UgyqfwucEsQh_n8mXMd4AaABAg	1
Ugx8jLrFNK4mpmpyBbF4AaABAg	1
Ugz1axCN9CfgPm2G3Jl4AaABAg	1
UgykILt-3jEgXdS_XDV4AaABAg	1
Ugx6PvnwHshQ3dHNouh4AaABAg	1
Ugx34HH3sqk_0GEnoRV4AaABAg	1
UgzIUHMEQIjjCZ4Zskt4AaABAg.9TtWlwKrEU99U7kY7Q1B3O	0
UgxBpbTuYutyzZHFw994AaABAg	1
UgzuMti-P9CgL80MdQ54AaABAg	0
Ugxs-3OKxwTOImM0G594AaABAg	0
UgxfbSAMOzy07TDcpot4AaABAg	1
UgwNxcvPCtt3cetfGOB4AaABAg	1
UgwKRKtCTiFgTYQdu4d4AaABAg	1
Ugxs5Gcg1D04aACO5BZ4AaABAg.9TjB8KoX0H99TjBct10jMk	0
Ugz23PKF_R8yfWjdjZJ4AaABAg	1
Ugwj4NqaquSczEPyaPt4AaABAg	1
UgyIcK0O-4Pb_WGlkzR4AaABAg	1
Ugy9BASlzTxEUaqAxVp4AaABAg	1
Ugwd6x-HWA54DLf7Izl4AaABAg.9TexHhi7H379TfnP9O5b6s	0
UgycQaLirkZA-TycWYZ4AaABAg	0
Ugw9EdfRU6VG6w8Q7eh4AaABAg	1
UgzXJJr-YSXYhXLHBoF4AaABAg	1
UgxmJiuLfwF4WD6dpu94AaABAg	1
UgybwpzMUhAfcrOee9p4AaABAg.9Th6CZ-WddH9tU7iqb-WFe	0
Ugz1vg4t-UMNSAzV--R4AaABAg.9WT_L7vRLIa9ad-2j8oGKb	-1
UgxvtEmsNw_F0DwRXdd4AaABAg	1
Ugy8bZ6GsuTwRnTM-EB4AaABAg	1
Ugwb_6-zUhvEyhL5rvB4AaABAg	1
UgxBEfgsszdFS9sCJo14AaABAg	1
Ugx4hiRGUVoElWJBAQJ4AaABAg	1
UgzaDZIceJS6jyUO_qJ4AaABAg	1
UgxJgGNTlxucauV7IVp4AaABAg	1
UgwKqVh2Tq2qWdb2gTt4AaABAg	1
UgwkdNPIlCliiDH2ZkZ4AaABAg	1
UgwMnP9YNQNo6N7Nca94AaABAg	1
UgwvTo1F8MbWpugeOfB4AaABAg.9TnRYdU4Uwx9TrKq1wT7kk	1
UgzCQ0vFmZS-JZttw7p4AaABAg	0
UgxheqfLolq223Cy3Fl4AaABAg	1
UgzGpgTta1skFT-l_Cd4AaABAg.9TgZu9606jk9TiOMQ_eMpc	0
Ugzwh8lqyLRLwxgRid54AaABAg	1
UgxnynFXIyquh3yCa6p4AaABAg	1
UgzTU-HN71a2Uu5tYPh4AaABAg	1
UgwvIMa-9wA1Y8OY0q94AaABAg	1
UgzOm6oleBkjuBM0-5d4AaABAg.9TezOsKPoIZ9V62OunZDTt	1
UgwxSE2SuE67AEuanFl4AaABAg	1
UgzUxuN9B5rZLWn5Ldt4AaABAg	1
UgxJSpmamnMDggB5zpd4AaABAg.9TfMBaZXEyi9TfppEIvdB6	0
UgyQhxoDGwyHYHEI00h4AaABAg	1
UgzGr4fiTskoVFd4H9d4AaABAg	1
UgxsBChN-no_GryGZ-94AaABAg	1
UgysH5qe6LFh26uMGHZ4AaABAg	1
UgxTyF7j_14pCf-Yr-p4AaABAg	1
UgyiRBfKjrW_pexCL8J4AaABAg	1
UgyjdruGkRmVNHYcyIR4AaABAg	1
UgyAHcpIFVztBf3pAFt4AaABAg.9TtCDQRo1ol9UeGLi2wClz	0
Ugw1S1ojd-E8eV5eROR4AaABAg	1
UgxGCxLqaCHVmaYtnDB4AaABAg	1
UgxPJ3gkuYA01vYB4GN4AaABAg	1
UgxfvHVamZGKLSoFS_R4AaABAg	1
UgwJo8RDKSu2CVLoQVV4AaABAg	1
UgwDXtsI2NxYEjak55x4AaABAg.9TenOc2IW_c9Tf-AvD-Pv1	0
UgwEDN5oPlpdSLqv4Qd4AaABAg	1
Ugzg6jM9-auc9UitgqV4AaABAg	1
UgxXtPB2Y3pURYOtUDF4AaABAg	1
Ugwqu2bSvzgihCrbSSV4AaABAg	1
UgzCtYUfFNwh4F5XAKZ4AaABAg	-1
Ugz5nqjjyOpT8oy86Ml4AaABAg	1
Ugxcmn5j_ORgy-cevMp4AaABAg	1
UgxDYAjhTHnKVqR8UWx4AaABAg	1
Ugz1F4gVguhoqbH2Oh14AaABAg.9TiY1qO9G9y9TjB-dH9KM3	0
Ugzk8Cl2tnLoSRzC86Z4AaABAg	0
UgxV9pIIwM_oRiFEfqR4AaABAg	1
Ugzq2CdNPJoWFO-cN8J4AaABAg	1
UgyQUF7eg00w96aS1Jl4AaABAg	1
UgxaXSfrM9_3D0fap254AaABAg	1
Ugy5peGACsRGJZE31h54AaABAg	0
Ugx1fhZb_fkwlnieDX54AaABAg	1
UgyVqGNzSa1Bku0TXIp4AaABAg.9Tk3mSq05uz9Torte-kxSg	0
Ugwz_Tc9fH_Ifz65lrJ4AaABAg.9TemzN0nCJy9TeoMIjTo8z	0
UgyXrvbI8_toe1XcegR4AaABAg	1
UgzCkx7d3bFXEX5dPo94AaABAg	1
UgxlpLtDvL0--cVrBhh4AaABAg	1
Ugx7n3nzYqN-9Va-TSB4AaABAg	1
UgyphjLnxtmPYNcmYU54AaABAg	1
Ugw9mcT76BGAQSqFQ9V4AaABAg	1
Ugw0A1OgaS_lAI-trHd4AaABAg.9TtP7hj6l4h9TwgDE8RmBT	0
UgxnmNu7cafhlBlUZ6V4AaABAg	1
UgwoZrlMMwoOh-EGTAR4AaABAg	1
UgxE8wEi0-vHmS4d2Fh4AaABAg	1
Ugwo76FxMvVMzDTQ8El4AaABAg	1
UgzqmCe5CpByM1d-q4B4AaABAg	0
Ugyjfdud2-RHWc6SVkF4AaABAg	1
UgwOeyNQI1SgvlmjJ1h4AaABAg	0
Ugx9uz-BKymH6BRSSMl4AaABAg.9TigaHrzLYn9TigzfaKSl2	0
Ugzm8i58Wxf5Qz9-nYJ4AaABAg	1
Ugw6xHrPoimBGlkygup4AaABAg	1
UgzRlX63t_zC81iSL9R4AaABAg	0
Ugxyi6SP3nGFbeTWdQd4AaABAg	1
UgyUPcSW7_guirBQead4AaABAg	1
Ugw4UkGAjGvYQhj1uiJ4AaABAg	1
UgzpIxiYpYCCGYsKgn14AaABAg	1
UgxipeNjdlUp6QR2GuZ4AaABAg	1
UgwszKzSXxXtWRnGuat4AaABAg	1
Ugx22uinujOa0UJ0HSN4AaABAg	1
UgzgPv9MNAk3mxhllfd4AaABAg	1
UgyUrZAcXnjLellpGO14AaABAg	1
UgwyZXZmclq4HTKFkiB4AaABAg	1
UgxBiNFNbmdZ4FIGzRZ4AaABAg	1
Ugyg7HuO6qAYXYTiTvZ4AaABAg	1
UgzIJwtgzAggfuxpNoN4AaABAg	1
UgyyAO8Uyaze4xyt90t4AaABAg	1
Ugxbs-8MhU95JptQKzR4AaABAg	0
UgwzCVVT3SaghsM5JUN4AaABAg	1
UgzWW-C3WPYljoAFACx4AaABAg	0
Ugy3SskLhAS5pXtDuUt4AaABAg	1
Ugw0R4DCf6B3QCmFPH14AaABAg	1
Ugw6N1dautQ8xq7mfop4AaABAg	1
UgzHqZ8Hx7toYQ-Mx7B4AaABAg	1
UgzXgHnZHh-uF0-15FV4AaABAg	1
UgxrGKGWUBeYSbPJu954AaABAg	1
UgyWrQbq_sarO5BCPKV4AaABAg	1
UgzKut8pOp6h3eyhqt94AaABAg	1
UgzFJPeabtGI8VU7yFh4AaABAg	1
UgyV5lHZMF6lwezX7X14AaABAg	0
Ugy-FZdicEYJhm7Krxt4AaABAg	1
Ugyi5ZsPr5b3c4QwLJZ4AaABAg	1
UgyO52xz2eqN_rBeioV4AaABAg	1
Ugz7b7Y14xCt-x1QPNh4AaABAg	1
UgwDCXMWFwj7ap9mHIF4AaABAg	1
Ugziz04DhGrPDxI_mPZ4AaABAg	1
UgyicZx2dEyYRzGeEs54AaABAg	1
Ugz37mvHT9MlfT03q254AaABAg	0
UgzU4bwe61xzMsfDJaJ4AaABAg	1
UgxXsPnbS3o1Gz_RWUZ4AaABAg	1
UgxYYY4bXSGSQW2mYQR4AaABAg	1
UgzoNcbhKvbcN0QH13t4AaABAg	1
UgzsKUzoJzVJsu4wDKl4AaABAg.9Tewmq9Lqb59TflMyyIyD4	1
UgzYpgvsLilEwqPF1JZ4AaABAg	1
UgxOf2Xof-Pov7fStxl4AaABAg	1
UgwMMIvpZnJquhYVR654AaABAg.9TelahUtWYI9Tf53ruMWv0	1
UgyX_pMwHHdT7D2oQyp4AaABAg	1
UgzVTYVUMYV4qwopvgh4AaABAg	0
Ugx8fhkiVUgRCRDvkeZ4AaABAg	1
UgyUNH8C8lvUnbUIzLh4AaABAg	1
UgxfdkDOvWPdQg7TVmd4AaABAg	1
UgzFz-UiSoG0iOEruyJ4AaABAg	1
UgzOg44R5f5-WtSF8i94AaABAg	1
Ugzd9SCsJpkUk7LCOgJ4AaABAg	1
Ugyn-LfviWv7E95WxOh4AaABAg	1
UgxJ4swrvngF5kLCM9Z4AaABAg	1
UgydYcSSopZfiBrqGCV4AaABAg	0
Ugyw8zGcJvxi6VcnQdV4AaABAg	1
UgzbPOWSUGiphrhONYl4AaABAg.9liOgshg7Go9luVSuO90E9	0
UgzLr78PyIfpSmzoLCF4AaABAg.9Tetzns49_v9TeuDX1qbBd	0
Ugxg9lwD1UYtSUOQ9mZ4AaABAg	1
UgxamH5mvljCHg1rNdh4AaABAg	1
Ugx2j-yaLkU8zMjDuW94AaABAg.9TpJVTn3fIQ9TwNzm6geSY	0
Ugz4gQZXZ-vJTIMzefl4AaABAg	0
UgyVqGNzSa1Bku0TXIp4AaABAg	1
Ugw0F1MCA2Gh6LRQaG94AaABAg	1
Ugy70mTP3izDHKCrIX14AaABAg	1
Ugx0bq46kiUjRHcq2Zt4AaABAg	1
Ugwu4aKFqVYgXZ61drV4AaABAg	1
Ugz0-yvCrT9VPqfWMLh4AaABAg	1
UgywOLMezi9f-WgmXoF4AaABAg.9Tg4HDJ1wRR9TiCFEuApHY	0
UgzUsqgZL47kv9U2ejF4AaABAg	1
UgxIyab9DjOfy_mw2mh4AaABAg	1
UgxadGaMIKh-UnN_oQV4AaABAg	1
UgxdrN1cHrBeD7pH_8N4AaABAg	1
Ugz8EWMmUIUTQVp0op14AaABAg	1
Ugw-yt9IRQ5zkNbMEuZ4AaABAg	1
UgyzUtodG9E17yeGgO54AaABAg.9TvtKkSJHGV9UqoUoRu74t	1
Ugy2HRFQMhJvrvsR8Fl4AaABAg	0
Ugy_1QdYG_F49eJXJwx4AaABAg	1
UgzcfmKc7vO5dJPy-tN4AaABAg	0
UgyPApyelZOkOsNV_UN4AaABAg	1
UgxhD1AgyVW3c9X-xZh4AaABAg	1
UgxVOXB5JyloLDsxeyl4AaABAg	0
Ugxyczu5NGR6mY88UoV4AaABAg	1
UgwhC7XDfcN-kVrcGHR4AaABAg	1
UgzswbDlvPyoeCYiOHJ4AaABAg	1
UgxlXpQC9ITCBdttlaZ4AaABAg.9TeknN5Vx0n9Tf0vjWwh9e	0
UgxkCzDKmFXWzIS3BEt4AaABAg.9TezUg-Ig7z9Tirv9IEqTw	1
UgyHHDng6l7MHVHYIBt4AaABAg	0
UgyExtDovOw2jJzxkPx4AaABAg	1
UgzGOmlXIhqclt7SyDR4AaABAg	1
Ugy_Bgdde6G_8LHtenV4AaABAg	1
UgyLYHjoi_8_44tMTAx4AaABAg	1
Ugz3U8Sfjrzt8ElcIch4AaABAg	1
Ugx7npzK9PqqC4t-8WJ4AaABAg	1
Ugw9bO8PFSegjvRI1Q14AaABAg	0
UgxkCzDKmFXWzIS3BEt4AaABAg.9TezUg-Ig7z9UNzS_SEUK6	0
UgwL4QEl9qqMOi1OwnR4AaABAg	-1
UgxrCet6I-wjvoUk3Mh4AaABAg	1
UgwRyRspsjKV0go8_-l4AaABAg	1
Ugx9F-l6Jk7pdLd77uZ4AaABAg	1
UgzzdOpv7V5EntTVWgJ4AaABAg	1
UgwvUpF3_Crx3tz-Lfl4AaABAg	1
UgzGNxQlib0_RaYb8sB4AaABAg	-1
UgwUaUUCyIW4UzeSGPh4AaABAg	1
UgxkCzDKmFXWzIS3BEt4AaABAg.9TezUg-Ig7z9TzMrJRuSYP	1
UgztNmyZKXEaNAKrkXd4AaABAg	1
UgwNifSIcyPkarjiZap4AaABAg	1
Ugz5ESUQDN9JEpYZ0JN4AaABAg	1
Ugywv-qKNJW60qX0F9V4AaABAg	1
UgxfuLOCmymFeAjwBHl4AaABAg	1
UgzLaFpd46tmeuL321R4AaABAg	0
UgyzeuXMeF2MuDYKjQp4AaABAg	0
Ugzq2e94ZWQOGI2k3eZ4AaABAg	1
UgzPkyTQqB_YpIJPLyt4AaABAg	0
UgzSb_JTFwom6Q7_urV4AaABAg	1
UgybCQMd3EsXTIrROcN4AaABAg.9TlHNxrdaW_9TlM482w0ed	0
Ugwo8LvOKBCNohZSOSJ4AaABAg	1
Ugw423l4m1pCC8FH3IR4AaABAg	1
UgzjGJUb5zFGAHSB_SV4AaABAg	1
Ugys_tWhENconRsIZqp4AaABAg	-1
UgxkCzDKmFXWzIS3BEt4AaABAg.9TezUg-Ig7z9TjJinbW8sP	1
UgxhMJ7S2DvntvgFVzB4AaABAg	1
Ugzkq6BlU21t8Y4Lk3h4AaABAg	1
Ugz46FALRwR9ulppTfZ4AaABAg	1
UgzFOjzoj-RZV9j9M1d4AaABAg	1
UgyHkJq1jUPmXYQYP314AaABAg	0
Ugw-3jLL4fz4asCKCk94AaABAg.9TueJ9WSpW-9Tyhg6VyBI7	0
Ugy-GoLJrwpsNbfR0LJ4AaABAg	1
UgzSk2CoWN32h_GhHYV4AaABAg	1
Ugwv40ASbE1h5HdULz94AaABAg	1
UgyflUe3rxv2_fV6QPd4AaABAg	1
Ugx3x0v4RPGLErIVwxp4AaABAg	1
UgyadceieHD18M2yozJ4AaABAg	1
UgzYHAGPfX4vhZ-wZ-N4AaABAg	1
Ugz9xaSXdDRDBSnUnSt4AaABAg	1
Ugzk52VQ8ybqFHjQWKJ4AaABAg	-1
UgyNMJ9aMRtOLrhuvaF4AaABAg.9Th0ozBs3Of9ThkpewRTLc	0
UgyUAlKhNJxg8YHa0Tl4AaABAg	1
Ugwm1k2L7Y7_NJnvRHZ4AaABAg	1
Ugxnan-ObmHjMpwapP14AaABAg	1
UgzCT9dOKTb2bxHxWS94AaABAg	1
UgzBeJKCmm64fuaf0H14AaABAg.9TekZw7uBqr9TesSRggh1o	1
UgywOLMezi9f-WgmXoF4AaABAg.9Tg4HDJ1wRR9ThCFyw2ZJV	0
Ugwk5LuLZ2XZtys1MQ14AaABAg	1
UgwBJktTFdzwlhLX0sN4AaABAg.9YaZLnuF6hv9ad056QS0Lo	-1
Ugx557zAe95CpPRDZmF4AaABAg.9TkAQetpQ-59Tl2A7qG3dA	0
UgzEA16zHao8D_O2pLp4AaABAg	1
UgzsImx7uWf4J15UI1l4AaABAg	1
Ugyj0qJ1IYvUQ_FXxh94AaABAg	1
UgxH6EogOgMHL6TzI994AaABAg	1
UgwPI56I_gU2F_b-GAF4AaABAg.9TpSLqjW4N_9TvXaLo7bp6	0
UgzOhWgom_0MHSrTD9J4AaABAg	1
UgwfjsYTTqgHrWvCJ794AaABAg	1
UgxDJTWq30I5tQ3X7C94AaABAg	-1
UgzjniCOYxPHKVY1Y1N4AaABAg	1
UgwqNFv87If3xDZcwHd4AaABAg	1
UgzjoF3Cy3j-fb2bD1t4AaABAg	1
UgzgJ75F3zGo21VHqMl4AaABAg	1
UgyGJ7zLBW7fDNcspc54AaABAg	1
UgyZbDXNSoTX6BSLF8R4AaABAg	1
UgxN_AJ-vSJRJoaPUxB4AaABAg	1
UgwPqg0d0CDRvs8Czq94AaABAg	0
UgwppkmsZKh3UwuON5x4AaABAg	1
UgzhafVdD4-xc550MRN4AaABAg	1
UgxvLrXHUW6vZ3bCVul4AaABAg.9XN44_6cyEL9XRHatTJnNS	0
UgwNuB4tOY9T1gRutOl4AaABAg	1
UgybCiyEPC3OH40WRtp4AaABAg	1
Ugx9kFlki9sqaUzCmTt4AaABAg	0
UgyOqVlrTleWX_DbUkp4AaABAg	0
UgyBZ0ZddgVN_0rYcGR4AaABAg	1
UgxfsJTYaTxdh4y-fIh4AaABAg	1
UgwTu2WGPu073B2rBEt4AaABAg	1
Ugx1pvqYBzWHxPToFAh4AaABAg	0
UgxxjpDKzMGRY_KO2Cl4AaABAg.9TS37m2rEoj9TS8A0-B2RH	0
UgxheP2f7x5_RpfZsc94AaABAg.9TCzqLRAiRO9TGShw2c_tp	0
UgykhGXdIQPi95T0bat4AaABAg	-1
UgxQ0JFdIjRq4ZhiCC54AaABAg.9TCv2TYU4-T9TFkApkC_Iz	0
UgzZeO-Ge844HK6ZHqB4AaABAg	0
Ugw05iP8OAtEt2G24x54AaABAg.9T9I4XMyAS19TAXJPSfQC-	0
Ugy2vPSe0buzx7Nc2wB4AaABAg	0
UgxrH9WDZiTswItrc4B4AaABAg.9TAn_ITn7N29TCzVx07FwM	0
UgyJhRacZvrQIJNcA6d4AaABAg.9TABQq8wKi69TCuzsrxdxd	0
UgxJcqpy_0KXj5ZCzYd4AaABAg	0
Ugz8LRkV16L5unWGjpZ4AaABAg	0
UgyCLJE-UcjLsovQ-ad4AaABAg.9TF0pvBu0gc9THdn5db7FL	0
UgxdSQj_JgyuKdF5bdh4AaABAg	0
UgyXLsbKNzuyvagET7Z4AaABAg.9TGBgp1vZIa9TSLJr1VroR	0
UgykCUZWEPzKE53qQvB4AaABAg.9TIARdA1ejq9TVNyPM4Wy_	0
UgxrH9WDZiTswItrc4B4AaABAg.9TAn_ITn7N29TF1ph83Qll	0
UgyfkoQdT9MH-s1px6V4AaABAg	0
UgyCLJE-UcjLsovQ-ad4AaABAg.9TF0pvBu0gc9THaV0sCX8p	0
UgwjpmvHtvNGnmS63-N4AaABAg	0
UgxmKSkYhUaOISRL0Vt4AaABAg	0
UgzZI6RI6-VCc4pj0Dt4AaABAg.9Woe7Z66hO39Xl9PZ0laIl	0
Ugx0bpFaUhQEolTr1eV4AaABAg	-1
Ugyt2WufpiUKCfpo3NJ4AaABAg.9TL9wUQxo6c9YSCwJCmizs	-1
UgyCLJE-UcjLsovQ-ad4AaABAg.9TF0pvBu0gc9TI2UbgAReX	0
Ugx-CU6IOr8T3XARMet4AaABAg.9TAC9Todoc99TjprXvlF0u	0
Ugx6VtdtbhnEW4wTXL54AaABAg	0
UgwfYi8Q8xSyN1StxHN4AaABAg.9SntatPYkiE9SnvrrGqGzx	0
UgxX17EwwQ2TCzPON5x4AaABAg	-1
UgwH1kbWY70VND9sW6B4AaABAg	0
UgzMOx2xmny6Sx5KtiV4AaABAg.9Sc3wJlmwLc9ScoPzFjzhq	0
Ugyl94CTLfg_0UquYzV4AaABAg	0
Ugx2FVo93-9F-IPBZZ94AaABAg.9SUXTM6XRd69SUrGS0-aEO	0
UgyQMrjVUZxcQllQ8zR4AaABAg	1
UgyW-3-jkHqog6sOzQ14AaABAg.9SSQuZYXd059SVemMNWKox	0
UgzQQdhVlT7NXdYC-4p4AaABAg	0
UgxoFlueYoGGBbRi4iV4AaABAg.9SSDv98A2-p9TKC6hR2UD6	0
Ugymr9hx0u4kAyhG1Ah4AaABAg	1
UgwdDRaCupzTE7YWBFp4AaABAg.9SSBP5coECN9SSOiKpE13f	0
Ugzu_ZxNC-UWQlho6E94AaABAg	0
UgxM2Y1eClXd7ksvpwJ4AaABAg.9STshlj7mMF9STsnZa9MBZ	0
UgwRbynohNQSp4OyPhV4AaABAg	0
UgwRzdaziUsBbhe3D_B4AaABAg.9S7v2T62J159SFYGizPRhI	0
UgwiPPtwFg61qtyEBQ94AaABAg.9S6qIJF4R9L9S6v22oAoP5	0
UgyC9P8Z8pTcuKamR3l4AaABAg.9S6uhMU07Aq9S7J-lYhtRV	0
UgyLqSRZ8b3J9PWJNkt4AaABAg	1
Ugxpfj7iYqm1yMrgwsF4AaABAg	-1
Ugx1iHVltDf-eJqCwbZ4AaABAg.9S6zq12pklx9_idLlTyooU	0
UgwRzdaziUsBbhe3D_B4AaABAg.9S7v2T62J159SGrxJlBffe	1
UgwRzdaziUsBbhe3D_B4AaABAg.9S7v2T62J159SFASy2EKpH	0
Ugx8tqDDV1S0wD16E654AaABAg	0
Ugy1jWGhwLJd9yJOifZ4AaABAg	0
UgzIZxrJCe0MJHYrfmh4AaABAg	1
UgzNjoPYqX-OiWZ3qMt4AaABAg	-1
UgxDZQXWHVxdQTdMw0B4AaABAg	-1
Ugz8A9ByxiAwBj_dsm14AaABAg	1
UgwXbldCYdvykLPf8tt4AaABAg	0
UgxF0nDHD783JhFN9Gt4AaABAg	0
UgxAAV271q2-qZ5KFxl4AaABAg.9WxkxexLf5M9n5ZW89aoJZ	0
UgxvmwgM7jzjfgp-3y54AaABAg	0
UgyL_PqoNUmED3sHvqt4AaABAg	0
Ugyr4IWHWoUjS0tl8YN4AaABAg	-1
UgyxC0bHhh6u3ofi90p4AaABAg	-1
UgwYbXJJkzOvLwgInQx4AaABAg	-1
UgyiPvgRtKpXTejqeRt4AaABAg.9RLYMkz2vZY9RUClFRDeXR	1
UgwY9mBEKsOxEKBd1dh4AaABAg.9RDlWN0-WC59RIxoeFZx6l	0
UgylRX51Nkw76I7zPsJ4AaABAg	0
Ugz5Keo9pu83qu0vXbl4AaABAg	-1
UgzIpB6vovaeORshZUR4AaABAg	0
UgzDExuIND3oEW0NSwx4AaABAg	0
Ugw5vfpyOQJKJutJqJF4AaABAg	-1
Ugyhqap7QrqEXIJbOrV4AaABAg	-1
UgwUasbCm1c5cggcIM14AaABAg	0
UgzyBIW9Lfk08FjIHT94AaABAg	0
Ugx-UZFzpGKlNgQFmpV4AaABAg	0
UgwmVWf3oo3aBKBn9HV4AaABAg	0
UgyiPvgRtKpXTejqeRt4AaABAg.9RLYMkz2vZY9RkaDtENd_S	-1
UgzMqyV6O4aG2EbKXnB4AaABAg.9RHADwRw7sz9RLoEzpks0P	-1
UgycavHAmmge0uOAv-t4AaABAg	0
UgwY9mBEKsOxEKBd1dh4AaABAg.9RDlWN0-WC59RUTXHeaqat	0
UgyndCCfPD7TIU_paDF4AaABAg	-1
UgwhmtuDXx4xRm72dzd4AaABAg.9RPc4EA-Awa9R_kt5WnqjS	-1
UgxeSpL9iLmxRXaT5394AaABAg	-1
UgzMqyV6O4aG2EbKXnB4AaABAg.9RHADwRw7sz9RUbfCY6G-5	0
UgyixcpgiEiNIKwUaDJ4AaABAg	0
Ugx0hw7edoFX2QUTzfR4AaABAg	-1
UgwWJjnWmlErUpCmdF54AaABAg	0
UgwgttQrEqz3yv0ohWB4AaABAg	0
UgwY9mBEKsOxEKBd1dh4AaABAg.9RDlWN0-WC59RV5d42A8O4	-1
UgwenQTcefD1wr6NTXF4AaABAg	0
UgxH1iYotL3-KzqNWZp4AaABAg	1
UgyRaO6LWjifUuOPDIN4AaABAg	-1
Ugx0aCKazlCal010qTN4AaABAg.9R4Bp7Zk0Hw9R4q1kTkZ5l	0
UgyHLiV6G5kLkyT0W814AaABAg.9Xt6gt3h8qb9pdFNlpENNL	0
UgyAF_awZV6pWYZSRI94AaABAg	0
Ugxv7IcnEa5ZAUQcbvV4AaABAg	0
UgyE_J0uqkM3um6fbC94AaABAg	0
UgwRg12Cx7jx9OmmdZB4AaABAg	-1
Ugwp6dlGomvYjnmN_1l4AaABAg	1
UgxSwslkP9YErjkYOAR4AaABAg	1
UgyKUr8tNZ6EHHDN5ld4AaABAg	1
Ugyoo8atoGt5MmrU_y94AaABAg	-1
UgzAa094rI1Hs-Hyqs94AaABAg	0
UgxECCOlOrvMfDhuBIN4AaABAg	0
UgwAbQesj1s3xyDe14N4AaABAg.9Q9xxT6jWxi9XxrM7U54lq	0
UgxE3iv7Rb23wM3X1yt4AaABAg.9QABhVV5k029QBOpTwdW2j	0
UgwMmGyackfbUlWasul4AaABAg	0
UgzN5ht2kqpHLqQv8vZ4AaABAg.9Q1aENATi6y9Q8GZe8GGRX	0
Ugy868cp_aRx5Lyc4AF4AaABAg.9Q1a4vGTUSb9Q3up7Ip0J1	0
Ugx_lxpnIItBa3W4wbJ4AaABAg	1
Ugx8aJMXigOFfhfybel4AaABAg.9PuNXI-R6dQ9Q6EQ_rqJrg	0
UgwRY3SuWtzLGvv5oG94AaABAg	1
UgxGhz_X4MERKs60Vp54AaABAg	0
UgyH4-MkNcLMY1LGfNx4AaABAg.9PuBJvRCx5Y9PxrUhO2H3Z	0
UgyuUjqXY6NsZoN1sa94AaABAg	0
UgwJc6u74txIaP1N5Nh4AaABAg.9Pu-Mo6wgut9q8SnxapzTv	0
Ugxf9NBRyL8lUt0Sj1d4AaABAg	1
UgwOS9kWzTY1nPYegMl4AaABAg	1
Ugx-T3XZ3MgU_V_umV14AaABAg	0
UgzJ7dYEcOufDorXD5J4AaABAg.9fHKZczJ0e49fJySUafgpN	0
UgzaHD26YfrwOQTsYTh4AaABAg	1
UgxYhcufVhq5NkvPEax4AaABAg.9PsgbeLRMVw9Q-XqVbKFJw	0
UgwQ79ZplMyJqgKVSx94AaABAg.9RbPOQVnGos9RglE3QqPpB	0
UgxrL8tJ36SmipNParZ4AaABAg	0
UgzqMnru3Ef71o0QAv14AaABAg	-1
UgxpJJO9V0BRBY4YlrR4AaABAg.9PnL-Q3BvwG9PubCnd6Py0	-1
UgxmEY7pC5-eREnm_Ch4AaABAg	0
UgzIW2son_h867dSLP14AaABAg.9SaZDygnXmt9SbdJM8T3t8	0
UgyTozKYGO4EJYZg-At4AaABAg	1
Ugxbpl4ASsXk9aTNfRd4AaABAg	0
UgxpGm83FoxfEbN3RSF4AaABAg.9PsRT_aIOOv9PsU18ok8gS	0
UgxmYdv8oS8Y7yOIjSl4AaABAg	0
UgzuBG1P_MiZ_S2a2vF4AaABAg	-1
Ugw3q341RhkzssNxoSd4AaABAg.9PseSy0AVXW9PuWaGoRU-E	0
Ugy-hDoIPKMa4soIsrF4AaABAg.9Psr4AH8w4O9Y67q5E5qIm	0
Ugz1K1v-a0Gp3Jl7shl4AaABAg.9TyHjZqJY-s9Wm6yCEpMu9	0
UgwCk2BpfSYfsZvs6CJ4AaABAg	1
UgyXT2O7BY8llO3tFNB4AaABAg	0
UgzS8KS3d3Bi8uAk56t4AaABAg	0
UgyqMsv9yfEvG_UMQBJ4AaABAg.9PvKeI-Nvdu9R4D7jJH88o	0
UgzYdlpBy8AAbMFpThp4AaABAg	0
Ugz2xUnJs4w32qRDiIx4AaABAg	0
UgxYErArHGr2-oeWmsl4AaABAg.9Ptrb9ueu8T9QmRiPGp-FJ	0
UgzWTn3PgaRGmoIf9bV4AaABAg	1
Ugyl-7IyYPrDT9qUMhR4AaABAg.9PtcrWErW6d9SlOBVDbC1_	0
Ugy_QT_6v8CzFos1CZx4AaABAg.9Pysb_w4nYr9nStGD38LcB	0
UgzozE4qTLpuUgPKbop4AaABAg.9PsbqjSgClG9PsidJn26gU	0
UgwXtG3g-y86N6t6CMR4AaABAg	0
UgxYErArHGr2-oeWmsl4AaABAg	0
UgxpJJO9V0BRBY4YlrR4AaABAg.9PnL-Q3BvwG9PnscQPB6YB	0
UgwlIyv7tSfjaz3JbX14AaABAg.9PsaExvSLl09PwtJhn7IU7	0
Ugx9r26RR_keGkL0pjR4AaABAg.9Ps_qt8swFz9Psgk3I7cm3	0
UgxWImj1RvI8ycx0C654AaABAg.9Pv7vVAwdjH9SWT9Pf8pjQ	0
Ugy9UH3C4p9-6BXMYPJ4AaABAg	0
Ugwnl477HbDkbLwe1d14AaABAg	0
UgxFFIV8Gch1J5C6ilx4AaABAg	1
Ugx8aJMXigOFfhfybel4AaABAg.9PuNXI-R6dQ9PvAy7kMtd1	0
UgyRG1_ksm6L4zP642t4AaABAg	-1
UgxgbLw6Y2FO0WUH9Hh4AaABAg	0
UgzZ7BA92BPwUpWc0094AaABAg.9Psp1TbIC8B9PvtvIa7ogZ	0
UgzZ7BA92BPwUpWc0094AaABAg.9Psp1TbIC8B9RCn4MSGXMV	0
UgxNTdQd3usBX7FpuUp4AaABAg	0
UgxW7Frtb1d1_VVwjCJ4AaABAg.9PW2bEx84j79PXCcwR3m6z	0
UgzXklLhh_MkvaSVYI54AaABAg	1
UgxGJgzHSq6S_KlcTTJ4AaABAg.9PW3trru6mk9PW8Mb_McaM	0
UgxZVO1ZGMSFRf75zZx4AaABAg	1
UgwetknfjH1uFJ_FORN4AaABAg	1
UgyOhVbIlZL2LwHcpR14AaABAg	1
UgwzJKJSshJQDsB9q0V4AaABAg	1
UgzdGFMZCVuNf51wHY14AaABAg	0
Ugx9SD8E3vRgvnAngup4AaABAg	0
Ugyivi8uHTwqAcXTUZ94AaABAg	0
UgxF6m-N3-9Is-6x6_h4AaABAg	1
UgxJZVTORuel3KTTyld4AaABAg	1
UgzIiUvn0vRbaXNGtW14AaABAg	0
Ugwii2oYAtqBoJA9rfh4AaABAg.9PW1FYdFJZv9PWJOgXv93j	0
UgzZbhL9xlzSaI5Ix6Z4AaABAg	1
Ugw5m1vF8skVkkGUdbp4AaABAg	1
Ugzx_MCxUKnJYbiNuU94AaABAg	1
UgyCL3FgP4wozO3OEH94AaABAg	1
UgxivegfHKNK-AAf2t14AaABAg	1
Ugy28KBoq-1fBjSt57B4AaABAg	1
UgyMMiv6hOWgFs1-JFd4AaABAg	1
Ugxqw_jyDSjGy3Bva254AaABAg	1
UgzUJ2vRnQWAzf9DR5t4AaABAg	1
UgyxV4DsSj98sDLO0LN4AaABAg	1
Ugz97tybcBaW8uOiSpF4AaABAg	1
Ugwm4OzgIGr6d_iVhFZ4AaABAg	0
Ugy3-D-6DGz9uSOmEmN4AaABAg	1
UgySwGIsrVDBxevzB9J4AaABAg	1
UgwtIwPMN1QAu-v96LN4AaABAg	1
UgwlFgDFlDbmcF3RUs94AaABAg	0
UgzYPeTfgNblwpj_XqZ4AaABAg	1
UgycTrY2RxGrrfPMr8B4AaABAg	1
Ugw-Sxz1EakAkxR6AlJ4AaABAg	1
UgzcEmEh0O3Usi90nJp4AaABAg	1
UgwQ8XJeJxwZ0WLwjYh4AaABAg.9PWLUSnaOBx9PYxxyLQgjw	0
UgzIhSkiub8SEOItZxZ4AaABAg	0
Ugy0gqU6DDAc7uFkKpx4AaABAg	1
Ugxbv4XRyabO-WqunDR4AaABAg.9PW9LFI45CW9gy5LdSq__P	-1
UgwzS4crtQXWbNexNq54AaABAg.9PWCffmsB8G9PWcyIO1B0s	0
UgwRo02bJrdpPGu3eWt4AaABAg	1
UgwzS4crtQXWbNexNq54AaABAg.9PWCffmsB8G9PWZCTtlPJq	0
UgzHLFWJze-k0p7v-S54AaABAg.9PWI34NTO769PWh6jWex-L	0
Ugz79A-uxBsbAMF6mA54AaABAg	1
UgyRk6oxXTpFQSLzbzZ4AaABAg.9PWMhJYwfT29QrtK4a-9Ek	0
Ugz5Eh54OgcG5eqqX2x4AaABAg	1
UgyV5IftDLx397zRnE14AaABAg.9PW59B_huvi9PWI-Ra0qz8	0
UgyQCuAM3BuPM2JoLld4AaABAg	1
UgwBUIa8B8-vnx3saF94AaABAg	1
Ugz4F2MXNc0gK9Vm7Ep4AaABAg	1
Ugy_zzghsfVyj6oQkyV4AaABAg	1
UgwCWGK_Ar7tdQPIYO54AaABAg	1
Ugwii2oYAtqBoJA9rfh4AaABAg.9PW1FYdFJZv9PWJK4RoCMA	0
Ugyam4ZwrLVWWc2tqlJ4AaABAg	1
UgwzS4crtQXWbNexNq54AaABAg.9PWCffmsB8G9PWb64c73Q2	0
UgzYa4C4wh_PP43ZCZx4AaABAg	1
UgykpQzHIEwtsaFkJZF4AaABAg.9PWAC1y2_u69PWfS9Zc8Z2	1
UgxeZ__dbReZigm3s_N4AaABAg	0
Ugxh7gYVL_i91Mt7MP14AaABAg	1
Ugw5-8TlxKiUagRiR1Z4AaABAg	1
UgxQHfgSg_LMYQ73DGZ4AaABAg	1
UgxoqPQQ4Y3wCS_kGWR4AaABAg	1
Ugy2rz2Op4DBRPrNCQ14AaABAg	0
Ugyy-YGc4IoAAKcP1654AaABAg	0
UgyEf851Ac-xZvR6XK94AaABAg	1
UgxGJgzHSq6S_KlcTTJ4AaABAg.9PW3trru6mk9PWI5kaHmNd	1
Ugy_3CnzVO6TP1XmhAF4AaABAg	1
Ugxo3PGplbAGHg5Kq4t4AaABAg	1
UgxG0pryVBpIyVBdVkB4AaABAg	0
UgwK1TLnFTDFDX2Jtnp4AaABAg.9PWFF2xCa2O9PWalVguDn0	0
UgxnyyvJM_ZF2PkVLCp4AaABAg	1
Ugw25JPrGVqyLYeh6s14AaABAg	1
Ugz0OdMB-viYEYfA7ON4AaABAg	1
UgyaXxQ08xFlp2GL4EZ4AaABAg	1
UgyBopFHrS81rqaXzgl4AaABAg	0
Ugw66_HGRXFog3CSliR4AaABAg.9P88I7PsFBc9P88vEQ5i02	0
Ugx8JGqRE6RJAM4qyC94AaABAg.9P8AT7Cj39F9P8CMOGGi8E	0
UgxtXE7KfUEtdMD0rO54AaABAg	1
UgwOmIe6WMOHl5k4b054AaABAg	1
Ugw6nNYsZ1EnNBk_Z1h4AaABAg	0
Ugynih0ykxNiPLT8_aB4AaABAg	0
Ugxg1ve33TBoAgjd7dJ4AaABAg	0
Ugy2H_opbJNLRuPppq54AaABAg.9P8AQR84MEE9P8H2ZXkdsA	0
UgyJRZKvrUYzOUYd0Xx4AaABAg	1
UgxpWCl7Xh0VRPqq5eR4AaABAg.9P8AT0yCq_-9P8KI2xT7X1	0
UgxH2KI4_vAgDxzCHAF4AaABAg	1
Ugz7-AONLqHrN9fddVl4AaABAg.9P8FwvWj8fh9P8JN-DMACC	0
Ugz_AxE-ieHS3JSMmjV4AaABAg	0
UgzlpERCtTH0tBEW7zd4AaABAg.9P8MMqLOGjl9P8nA_kPAyT	0
UgxKfrjFUxARda-T2Zt4AaABAg	1
Ugy5rsNNdxLhLBZ9Rdp4AaABAg	0
UgzXMjkeLsMqTPBCEcF4AaABAg	0
UgyjokOflsh2He9YSNp4AaABAg	0
Ugy6u3TiorxQufOivJ14AaABAg	0
UgzdwhODax65CF8Jc2l4AaABAg	-1
UgzmaoNRx3cPDAc2d314AaABAg	1
UgxvBoBUc2cSrmhBk414AaABAg.9P8N4pCXS9Q9P8_Uxtr2VZ	0
UgyRmMb6y1iWPbbsbZR4AaABAg.9P9MSO7p0Cm9PBuRf5iYqQ	0
UgyBq7FU49fgTUV13oR4AaABAg	1
UgzkgAQukMSq9S_SyYF4AaABAg.9P9MJ85V_x69PPvP4zWG5a	0
Ugwk5wCtFgYB6_Aq7Ml4AaABAg	0
UgwPDvu55vnQuFBOZjJ4AaABAg	0
Ugzk2Xqt8O0V3Wxukil4AaABAg	1
Ugx9941-ZSlC_XS_EAF4AaABAg	1
UgyxGrWznf_esNu5nEF4AaABAg	0
Ugzjldf1KiKyXBtNGNN4AaABAg	1
Ugx45KC2O50UwFE8vL54AaABAg	1
UgyrWLpUP1SPZiZfYWx4AaABAg.9P9PYoovUIw9P9bLuysFeU	0
UgzRbGAdoyJP4JO2Ned4AaABAg	1
UgzpbfMLOYPLUg6wl0R4AaABAg	0
Ugysub6xXXGqGJRvqHx4AaABAg	1
UgzssQUtiXfYB2fB-Wd4AaABAg.9P8JAhNUV_59P8K8C7YZIt	0
UgzkgAQukMSq9S_SyYF4AaABAg.9P9MJ85V_x69P9PJbZ9GbT	0
UgxghempxRxArVVVsw54AaABAg	0
UgztWpgz8UGF5PciSCl4AaABAg	0
UgzWK-FLos1VwryA0L14AaABAg	0
UgzQWlbnZd9VIq3Aqm94AaABAg	0
UgwQHLQNsOEzxyAJMR14AaABAg	-1
UgyrWLpUP1SPZiZfYWx4AaABAg.9P9PYoovUIw9P9bIxTsoOJ	0
UgzL6CWfIildJFPHI0h4AaABAg	0
Ugw4ASUO3MWXTRiQhjR4AaABAg	1
UgzjFfw-leCbcHODkK94AaABAg.9P8Bm2BTVrt9P8JPV8xpkT	0
UgzCzTS50Pf-LBiD85l4AaABAg.9P9NiYXx2Ta9P9SEib0SeS	0
UgzhjTMnAsZQE0w3ye54AaABAg.9P871RcmkOj9PAqi6K3YMo	0
UgwxphdG6I7RMx91cEp4AaABAg	0
UgzkgAQukMSq9S_SyYF4AaABAg.9P9MJ85V_x69PAfbOC2RMA	0
UgxJ7XbW09UvOd4wQ7l4AaABAg	1
UgylUfo92sJveRMuWe14AaABAg	0
UgyaJ_9HIOFSguNFiq54AaABAg.9PA_HGNyo4M9PAuQiQM2aW	1
UgzkgAQukMSq9S_SyYF4AaABAg.9P9MJ85V_x69P9Z5uDAsQd	0
UgwBKCoIzjBCRGfNvjd4AaABAg	0
UgyjwwHRKIOS8_tKKsZ4AaABAg	0
UgwXsGV3TOzk5mf0LB54AaABAg.9P8WOc4Ybyi9P8YNAYF8de	0
Ugwu_D1ph51xKu1s4qZ4AaABAg.9Rt9bKH6tnz9Sb_gjuyJrR	0
UgyqO5fCHuj6vwGc9oF4AaABAg	-1
UgyHsjlwJgSSMDg_Ow54AaABAg.9P9QGG4VfK69P9REpybeVG	0
UgzLMYjDWFva1pKoMf94AaABAg	-1
UgyaJ_9HIOFSguNFiq54AaABAg.9PA_HGNyo4M9PBJ1dVU7y3	0
UgzZDwo3EkUMSbDgxRZ4AaABAg	0
UgylK8G80W5KOlBHJY94AaABAg.9P89N00NuDh9P89uzeplKz	0
UgyUqqp1ZwozVJ-QmHB4AaABAg.9P88-DnCAWs9P8RpusFwUg	0
UgyxBE4GNIh5nKtUxt54AaABAg	1
UgzxfScMHAjUgmAAx214AaABAg.9P8G-T9AeVY9PAV1lgfOrI	1
UgzPy2dMvm03nOTNguN4AaABAg.9P87ymWsCoj9P88uZimE8N	0
UgwMpWVwYZ2YP3rJmYt4AaABAg	1
Ugwl5rrlOYoqZcspZvR4AaABAg	0
UgzjWVpD9LBR9Qdl9vt4AaABAg	-1
Ugyy2gGOAxv86paoXGR4AaABAg	-1
UgxpTYhMk028EZ7TIwl4AaABAg	-1
UgyF-dSR3k7M_DQ3GFJ4AaABAg	-1
Ugx2vR8FzPm-Z6ett6J4AaABAg	-1
UgxnUBVPjRhWwUpXWJh4AaABAg	-1
UgxER_-O3jqvhEIF3NF4AaABAg	-1
UgwthD6mI1Q7FMu_zG14AaABAg	-1
UgwvTrSqd353_KpCsx94AaABAg.9V3fHmz0bdY9V4v5RVVRmr	-1
Ugxrx3FmM0I78pb7nwJ4AaABAg	-1
UgxfKoPQBB9XH0T9uDp4AaABAg.9V3fzQx4OiZ9V3xo35oL5-	-1
Ugx1kQodX3ASiwVR1qJ4AaABAg	-1
Ugy581BCQfMCld8xAJN4AaABAg	-1
UgwJQJFgAX1lEfHqQsB4AaABAg	-1
UgylsxJFqF1LnAX-hSF4AaABAg	-1
Ugy0IDT_zUVkofBsk7Z4AaABAg	-1
Ugww8khm26uFPdO8oZZ4AaABAg	-1
UgyPw4itVpCFz_wH2hV4AaABAg	-1
Ugx9rY12AZy9siSeQaV4AaABAg	-1
UgyRmQ8nwWf1CEp5gOJ4AaABAg	-1
Ugx5jBsPcvYiE_6wFH14AaABAg.9UGRZaOaLIW9UH2E16M0mz	-1
Ugx4WX-StFNLSuieT9F4AaABAg.9UCzUhSvf7D9UDtTF7JMlj	-1
Ugx2Hi_pfakLFJlGM0V4AaABAg	-1
Ugx2Hi_pfakLFJlGM0V4AaABAg.9UCebePcmmN9UCefENE-QC	-1
UgzQZuNPLmpHDM6XO2l4AaABAg	-1
UgzK9zup_U_Sos35q1Z4AaABAg	-1
UgxpyUSAuG4Xar-QM3x4AaABAg	-1
Ugw-XHTx4m82e9d_V7F4AaABAg	-1
Ugy-6KUo30pJUSYCgr94AaABAg	-1
UgxsVSP5jslDV5-pPkN4AaABAg.9UFh5-eAST-9UJ0mMGUU6O	-1
Ugw6HTVBmn1b4Ese7qF4AaABAg	-1
UgwATZxoQmxuFOWMnhd4AaABAg.9jz_4RSzrpC9k9ivjXhEue	-1
UgxuG_yaOGDHITL3nhR4AaABAg	-1
Ugx1oiNlw1JC2zS0Z8V4AaABAg.9UCyjzkhDIa9UDWOMTA_ae	-1
UgxAmnM72nF6z1BIprB4AaABAg	-1
UgyGP9joxr16xKIrigF4AaABAg	-1
UgxapQZRn9zL0uK70q54AaABAg	-1
UgyoqwGvggaDwffdwj54AaABAg	-1
UgztQpurfoomupORZS14AaABAg	-1
UgyTmv6zVhi-J4RnKDx4AaABAg.9UCvgvkkIsB9UDuLjxU1Ig	-1
UgybCRNEWliOrFVooH54AaABAg.9UCbbcTeLy29UFoMrqc_HM	-1
UgytqcQnwouwdoR1gxd4AaABAg	-1
UgwgvorfPW1w0LgEBid4AaABAg	-1
Ugwy2bcGMvbzhuMJ8ll4AaABAg.9UDL21gKQSC9UFz-IvAgSa	-1
Ugz88JqcY0QERiu3GLF4AaABAg.9UDUa9ERZbV9UHlBR-yz2t	-1
UgxQqg9sa_etrNCmHkB4AaABAg.9UC_LVnWJ3z9UCc5zHWSE5	-1
Ugwvoq9NPmc0RFLhF_h4AaABAg	-1
Ugxg8i7V5c0lgIZA2Ix4AaABAg	-1
UgyhIBXoeXVgKhU_T4R4AaABAg	-1
UgyZGz9_US63mt1ek1R4AaABAg	-1
Ugxt3api88p365ZDAZ54AaABAg	-1
Ugy_uNEKdZaknOQTTSl4AaABAg	-1
Ugze_CWpWeLVpQje9Pd4AaABAg	-1
Ugx5mHTHadB2rz3bLx14AaABAg	-1
Ugwg6jXE1q5vYv5zIuR4AaABAg	-1
UgysHcHEhxEhrhLP-NJ4AaABAg	-1
UgwqePlnjhCxK0BEyzh4AaABAg	-1
UgwUoyV_w5UhRiZwavp4AaABAg	-1
Ugx_iSZEN5mRDNoibuB4AaABAg	-1
UgwuHVsXtjsBwFubGzB4AaABAg	-1
UgxoXPOAM4w8HvBsU7h4AaABAg.9ToFizaiaFI9TsIVJwzWgQ	-1
UgypyDX1HAZ7UG6ITTF4AaABAg	-1
UgxWBo0iek73YL78w4d4AaABAg	-1
UgwMjmedZpyTwQDJiLx4AaABAg	-1
UgwRyZJ0smqY0Gm1hwd4AaABAg	-1
UgzaZkZVjHH2VtSN6gR4AaABAg.9Txs5YgXYZA9U-H1_oxxNE	-1
UgzD_7X9vDmN4ZWmnpt4AaABAg	-1
UgzoQDJbfr1r_xHSNcR4AaABAg	-1
UgykLKiXqUP5JJclgFt4AaABAg	-1
UgyLX6L4ScN9HLsLJeN4AaABAg	-1
UgyrgA-E3pyFLvFXszd4AaABAg	-1
UgywOLMezi9f-WgmXoF4AaABAg.9Tg4HDJ1wRR9TieYmwUAUX	-1
UgzmGLLbsaIWYu59whV4AaABAg.9TelrZg_5ph9Terd93oWGN	-1
UgxLdqkzl6DPesX6Ykl4AaABAg	-1
Ugzv1fZU8vw-paPaNy94AaABAg	-1
UgxNCTBq9p26X75VmMR4AaABAg	-1
UgzGtWIWK-JvRBdq1GJ4AaABAg.9S6uobqCLEw9SFYlUr8dwn	-1
UgwRzdaziUsBbhe3D_B4AaABAg.9S7v2T62J159SAq0n1xEG2	-1
UgxbyJYBETSp4d3CqTB4AaABAg	-1
UgyEjIbxFlVbYVY5rhN4AaABAg.9PsvoSNJJ-w9PtwBznWzIN	-1
UgycNctVjxdNCn-BiUt4AaABAg	-1
UgyRk6oxXTpFQSLzbzZ4AaABAg.9PWMhJYwfT29gy5JUBK4sm	-1
UgziDYmlQA7cfHr83It4AaABAg	-1
UgxBXLgNRsJPhYWXb_B4AaABAg	-1
UgxwCZDVlW5JT8YhWnZ4AaABAg.9PYf06UdZbQ9U3hKSQwtZC	-1
UgxRemhlyI8dwxm9VMZ4AaABAg	-1
UgyRk6oxXTpFQSLzbzZ4AaABAg.9PWMhJYwfT29PZmyiIUhQk	-1
UgyRmMb6y1iWPbbsbZR4AaABAg.9P9MSO7p0Cm9PAcqDZlz9u	-1
UgxlBae1LAzCDgsFASh4AaABAg	-1
UgwE-9vWPhDqJ7Swllh4AaABAg	-1
UgwaY3vD0OEso7iCYQp4AaABAg	-1
Ugxyfk6X67Q7xqUVsVh4AaABAg	-1
UgxYGpktlnuLy1x2rJR4AaABAg	-1
UgxLu9cuQ9nSpyt4pt14AaABAg	-1
Ugz8pAULmvx0O2uYzEx4AaABAg	-1
UgyPw4nLNSqMi7zk1Yt4AaABAg	-1
UgyRG9ezp2LXjd46cAt4AaABAg.9P8KTxI0gtu9P8N3YxZT6T	-1
UgzIupITParRwCJnvoB4AaABAg	-1
Ugyvtt6SDxC0eGaQF_x4AaABAg	-1
UgwGHk7-ylK3UxLyZ8V4AaABAg.9P8KoWQKwJC9P8V2QFzxK0	-1
Ugx0cshFBU_51iVzLnV4AaABAg	-1
UgyRvjDJrIVMu_tT95l4AaABAg	-1
Ugxp0jAaQNEXzN6kjA94AaABAg	-1
UgxsYqotCk9KKBVBxCN4AaABAg	-1
UgxNWBpxQCY9o5TEBsR4AaABAg	-1
UgxfbTtHapmGM9Xx7IZ4AaABAg	-1
UgyO6E-xk5qPC3PP8jN4AaABAg	-1
UgwABV7UKYBUDQ697CZ4AaABAg	-1
Ugx0dZtKCnsWQ9q8Kap4AaABAg	-1
Ugymiyu8So9SdDo_JG14AaABAg	-1
UgwXn1K3QmH9eNSJIDl4AaABAg.9P8JvdEGxQ19P9KXqXqdyA	-1
UgyMUp27gXtB36bxfuJ4AaABAg	-1
UgxxJKXew2QoQQDyYxJ4AaABAg	-1
UgwXC3EBQKtRpQHaGwR4AaABAg	-1
Ugwr4-JcM0VjQKXpdeR4AaABAg	-1
UgxTWKkQjZ-McwKTmih4AaABAg	-1
UgzTGp3V07fcQzRNAAJ4AaABAg	-1
UgwPe3C8v0HU-Q9JIfl4AaABAg.9P5y_HAuMM59P9ihPK-Fo0	-1
UgyP9_e0k4rlIBTwcqt4AaABAg	-1
Ugxgn6TzJOqeVvy58cB4AaABAg	-1
Ugwv3M4F0coGFhzC0GB4AaABAg	-1
UgxRwMMqotXgfQkZXDd4AaABAg	-1
UgweQ2vkPiy2wtjjqD14AaABAg	-1
UgwaL9L6xgALvewaabd4AaABAg	-1
Ugwm2nB5WUbu7bRoai14AaABAg.9NrUHbhtesS9NsOPDFyz2q	-1
UgxRO5qsnckH-CtGS894AaABAg.9NAzTmh-JJg9NIai_qY_DK	-1
UgzHNdFP0RZ_m66b3uR4AaABAg.9NB0baizsNM9NBMI9bompG	-1
Ugy4zv5Q9VI5fFZc7lV4AaABAg	-1
Ugyk8_OgoBstE8p1nAZ4AaABAg	-1
UgxDkQoFxEbxqFItxg54AaABAg.9N18zXFwwjX9N2mc3rv0ky	-1
Ugwwtxd8Eh2E3PsToCp4AaABAg.9N0CH8GhQht9N2W23Q0s6K	-1
UgweL5MMZ6PxYWJvzP94AaABAg	-1
UgzOpBNtqOzOJvQfpvR4AaABAg	-1
Ugw8uxufNiAMJizEerF4AaABAg	-1
UgzSngprFxS2_cti3b94AaABAg.9N3OlGQy9cA9V3X0k4qF5T	-1
Ugxe1WpyYqt287sEs4N4AaABAg	-1
UgxOtSFLABZGaOh41DR4AaABAg.9N0RnaWssHx9N0cvpv_c69	-1
Ugzsx9S9GcNCnLKXM1t4AaABAg.9N0dbgQHtYx9N0lQlMQa1n	-1
Ugw_TJLuJBuZ8l5M6Q94AaABAg.9N1ynOo_aYB9N6JWE1wcvN	-1
Ugyu5AKJX1is2aS2lal4AaABAg	-1
UgznCsMo9jXaffctpv54AaABAg	-1
UgyXncrpEf-fptK_5e54AaABAg	-1
UgwliIaTUBYYMMMZ49p4AaABAg	-1
UgzbwlAmXADlos2Bu7Z4AaABAg	-1
Ugw94d25rGohnmLxTW94AaABAg	-1
UgwodYlUjmtC2Pq5nVB4AaABAg	-1
UgxR4mOKI3fdZHB9uE54AaABAg.9N5KyirXfsB9N97TrJdw4n	-1
UgyvMIx3OTd-5wlHXOJ4AaABAg.9N0eGoFcQa69N0lJSedLQn	-1
UgyCJcDJaQRXS1G8gp14AaABAg.9N0roi1_07X9N1FurCVbFW	-1
Ugx_4FHFGeEjER3JzqR4AaABAg	-1
Ugw6ylp2dtqYIg5V3R14AaABAg	-1
UgytBnOfedSJX3A2h314AaABAg.9N2-YoGK5449N5rCEVdUEK	-1
UgxvWJwxSHMPogSIScV4AaABAg	-1
Ugy9H6m86irfM-AGdQV4AaABAg	-1
Ugxp7ACFRrBuEE4H2IV4AaABAg	-1
UgygQLmqsJ3h5QPcYRB4AaABAg	-1
UgyvaFhFxa-xoTpQB7d4AaABAg	-1
Ugy60LEgU5pVwbbM70l4AaABAg	-1
UgxDrcPUJVxKAW4u42V4AaABAg	-1
UgzXirHB7vS-AAGCru94AaABAg.9N20zEUw37e9N2G5QOl08G	-1
Ugzv39_pYpv-Jupwe694AaABAg	-1
UgxOtSFLABZGaOh41DR4AaABAg.9N0RnaWssHx9N14HAWt_gJ	-1
UgzpO7kq8AdYxioRP2R4AaABAg	-1
UgwnYbu_kClhmLBX1nR4AaABAg	-1
Ugx--ic3-JgzWWEWCRR4AaABAg	-1
Ugw6gP3oqzkeqQoRpi54AaABAg.9N0OcU0_Pnw9N8hfu7BOe0	-1
UgwjT9MXR9V2rvAAo2J4AaABAg	-1
UgzlFT__hilnuF2Gua14AaABAg	-1
UgwZT02L9c8AH__2m5t4AaABAg.9N0CZg7YcVn9N0No037H5d	-1
UgzqRQv3xGF1pVgi-aJ4AaABAg.9N0bX8L7B2A9N4tgSX0acT	-1
UgycAKfVRuQU8ttzS814AaABAg	-1
UgxzD9-vswyHGvDfr7x4AaABAg	-1
Ugw6gP3oqzkeqQoRpi54AaABAg.9N0OcU0_Pnw9N3EQ_xDGED	-1
UgxJbwehs-T8YbnGBhJ4AaABAg.9N19M4UeJiv9N1fkDFAfZ6	-1
UgxU8KfJ0504j8erOWt4AaABAg	-1
UgykXJH_xxIycYt4iuh4AaABAg	-1
Ugxn8lwekeITtzw5yjV4AaABAg.9N0BXV-xuPe9N3B2XtFuGh	-1
UgxqT3uW9xtdl8Ynopl4AaABAg	-1
UgxzoOLtbTIs1wwlI5N4AaABAg	-1
Ugx8E_Saqi-OpG7doNV4AaABAg	-1
UgzzEz8LtCyRFzMDoA14AaABAg	-1
Ugwqgyt82KwK4kj3p2t4AaABAg	-1
UgyMqdLoi5ETPF1hURd4AaABAg	-1
Ugxk3kiYtM1_WDrMauJ4AaABAg	-1
Ugx27r1eqqCjmVpdSAJ4AaABAg.9N210aotQ3S9N2obicZv3T	-1
UgyIsBvgIQK7BV1PBfh4AaABAg.9N0mTm7bBb-9N3QSw2jPEG	-1
UgyYV-SbLZfN3xj11Rl4AaABAg	-1
UgxGWsSvjoXB6_MrFFh4AaABAg.9N0VODKBF2w9N0Y0S3fu8M	-1
Ugwvnzsvkr-f86j9e9V4AaABAg.9N0JHGJm_NF9N1-DKx11Ed	-1
UgwX6iAwZ9pnAaAO3194AaABAg.9N5xs-W-vZ59N9JKD4xJnh	-1
Ugy56dk4WiI5gh_QcIl4AaABAg	-1
UgxOtSFLABZGaOh41DR4AaABAg.9N0RnaWssHx9N10Qvqn_cq	-1
UgyBD0Zq2kSDOGfmIil4AaABAg	-1
Ugw_iMbcp-P7omVnSM54AaABAg	-1
UgyGLvNGX9YmQ3F58fB4AaABAg	-1
Ugwaxh6RbvGwmLiufH94AaABAg	-1
Ugy6HWOJASbppizHNlx4AaABAg.9N1AJwvmSGh9N1tessBqnj	-1
UgwDMy12HPBcg1OqjDd4AaABAg	-1
UgyOpb40BQ0ErcKu9jp4AaABAg	-1
Ugyq_YOyEb12Ov6MpGR4AaABAg	-1
UgzB1nkvmAfwJOJWvWR4AaABAg.9N3hJ2tBDY69N5LuvP_xsF	-1
UgzGH7EBk2mrK59YXN94AaABAg	-1
Ugz3chIilH_eK80lpFt4AaABAg	-1
Ugy7TshDkBQi2nPcIe54AaABAg	-1
Ugy0dxFwlMk_NX4PaUV4AaABAg	-1
UgyAF5hWOBQZBUvlsiJ4AaABAg	-1
UgxOtSFLABZGaOh41DR4AaABAg.9N0RnaWssHx9N0h_TuWyEq	-1
UgwWLfZNvIAFJdZ-KJF4AaABAg.9N3APj2isgU9NA7Ux7ft1J	-1
UgyvMIx3OTd-5wlHXOJ4AaABAg.9N0eGoFcQa69N2oIzmGK2g	-1
Ugyc_GA2l_03zAUpQJR4AaABAg.9N2kSOcTiBc9N8l2CHzv4V	-1
UgzNDNji2vdEwGPIrDJ4AaABAg.9N0Qt4MNMf19N0iA6IR1rj	-1
UgyvMIx3OTd-5wlHXOJ4AaABAg.9N0eGoFcQa69N7w-4gCj7_	-1
Ugzion-i7AxdwjfHISd4AaABAg.9N2eCbTtAnJ9N5IKY5WkjW	-1
UgxPiqqUrWdImI7XfQp4AaABAg.9N1zdCn2W-o9N2Qhqyi7Fy	-1
UgxEFy2osKkvVjq0TV54AaABAg	-1
UgzkF3-w-Jxyp-BVVs14AaABAg.9N21a5vlDyI9NKUx7kziKU	-1
UgwlH_0xuKzR5AJwMip4AaABAg	-1
Ugw6Ojm6LWF5DdOBXWB4AaABAg	-1
UgxgwytYY-T3zw4e9eN4AaABAg.9N0IQQYAsW09Wrk-rYuNLa	-1
UgzR0ErtoZrCvnLYqG14AaABAg.9N11f8gGzs99N3IRyhHYHQ	-1
UgxCMQPR67iSxlL3ZrJ4AaABAg.9N0KhZr4AkK9N0OQMbDu7r	-1
UgzCm2d5KOqQxFwTrEd4AaABAg	-1
UgzLMTgZoLLabegrM3d4AaABAg.9N8AipQUWSG9N8B_0sndgv	-1
UgzEhtLtNKb0nNleBP94AaABAg	-1
UgyHCE_PZkXuzU_CMiF4AaABAg	-1
Ugwbifw_dCs4f63JYy94AaABAg	-1
UgwvqPcs6O59cr9JOyt4AaABAg.9N0p64qTLBZ9N0r2xZD5jU	-1
Ugz8RR08-7sKJxBx6Z54AaABAg	-1
UgyvMIx3OTd-5wlHXOJ4AaABAg.9N0eGoFcQa69N300uWqZxy	-1
UgwQ3BHzCjywpqSUWEl4AaABAg.9N0VMIx9GKq9N0j2iUVw00	-1
UgzMu243AEfpyQkBPSB4AaABAg.9N0yLJMRGxR9N2oreX8GDR	-1
UgwEHVRx-I8PBEyrYAB4AaABAg	-1
Ugw5XFQfg_D052qBksh4AaABAg	-1
UgyvMIx3OTd-5wlHXOJ4AaABAg.9N0eGoFcQa69N1B2lQkhqK	-1
Ugz-1MdYL-AJCiOlkTl4AaABAg	-1
UgypPeZfKWTjj_wJaMV4AaABAg	-1
UgwUg-rSxiO4km1RQWp4AaABAg	-1
Ugww-Uyi0n78DDHyzLR4AaABAg	-1
UgwriDQec9pCP64gHIx4AaABAg	-1
UgyGZqZKxpqzclSAC4t4AaABAg	-1
UgxKsmLNAs7Ch1CoTEl4AaABAg.9N1Ez416RPj9N1ilr2PqlT	-1
UgzfnFGVrktzDhcax7V4AaABAg.9N0Zcc0DEIn9N0lFNvlblE	-1
UgwBkqbgVU1FcDBYvl94AaABAg	-1
UgykzqBGZQDuv6rVIbl4AaABAg	-1
UgwsP19UXMCDvmO-8g14AaABAg	-1
Ugw8eWsm1mAduelVeNx4AaABAg	-1
UgziuGBDHgqIfE78_q14AaABAg	-1
UgxIg-Y8xUyxHrIj-xh4AaABAg	-1
UgxIH_ujoxukNdT5hVV4AaABAg	-1
UgzoGsbAFvLd2TAbsl14AaABAg	-1
UgzvO5Ky8NEd5UfhNxF4AaABAg	-1
UgzxUXGQTP7Zl1Q4wBx4AaABAg	-1
UgxyJPc6NIAfc9zrOdN4AaABAg	-1
UgwK_Pp0Z37XuAg-GIh4AaABAg.9L9l5WfxUdR9LEIThM6RfG	-1
Ugxm1FZyx6zu2gxz_e14AaABAg	-1
UgyFWAC7gNzwFaIHYHl4AaABAg	-1
Ugz7UO6KXY63ILeuYCd4AaABAg	-1
UgyVUKFtCGKnzep8GoV4AaABAg.9JcdRk7b0Oq9JhgcWxIah3	-1
UgysNBXTTkL2SYIqg5B4AaABAg.9KQg1ALrvbt9_5Xwg0X1Ao	-1
Ugz3WUGfvQpiVCxhaiN4AaABAg	-1
UgznJrX5h4O0O2sO4q14AaABAg	-1
Ugx9PoudK82-QiDabq94AaABAg	-1
Ugw8EUD91xxnTvqfYih4AaABAg	-1
Ugz-YlOg9kYf-sKtPVd4AaABAg	-1
UgzOW-gaYG8_JMzeQGV4AaABAg	-1
Ugxj-nfk-Xh5xFKtrKt4AaABAg.9KGyiWKsbWq9KaXwfEPxQ4	-1
Ugw39L4T759rqRvqybp4AaABAg	-1
UgysNBXTTkL2SYIqg5B4AaABAg.9KQg1ALrvbt9KRMltnhG-f	-1
Ugy4dF5gOoojG9Jya3d4AaABAg	-1
UgyRp4S4DNGMrjr9rFN4AaABAg	-1
Ugxb8AuOL_N4YY7kgDl4AaABAg	-1
Ugwb55qBnVhukyG_int4AaABAg	-1
UgzleQ2sN_lcG0OF_Ex4AaABAg.9KGyqW6Z3q79KK6b3ofrJ3	-1
Ugw4lBL2knnHQSxKL4x4AaABAg	-1
Ugx5UGHCnDJB9Ixzlz54AaABAg	-1
UgzapsNs70wXts-WiU54AaABAg	-1
UgzmyPliATesPdiCF3d4AaABAg	-1
Ugy68Hco24zTwtYGIgF4AaABAg	-1
UgxQruxmx4xVw5wEbqx4AaABAg.9V3hY7KUJZt9V4mCUBsKOC	-1
UgzMqfrUbEbnA9jMzb54AaABAg	-1
Ugzkme1EYd4rpHxOTqV4AaABAg.9UD_MZfVxOr9UEereCucED	-1
Ugx6iYt4c5kGLO8fwJF4AaABAg	-1
UgxYNtmxyMrMS5z3u2p4AaABAg	-1
UgzQJlWeK448lqKwvC14AaABAg.9UC_wcsj7A99UGXzd9bbHU	-1
UgwwakOR2rTYHLFrp3Z4AaABAg	-1
Ugx9B8dCEgB-tp5vTtB4AaABAg	-1
UgyoEvy_i3iE3I51un14AaABAg	-1
Ugx9dt_k2JIqN8YWaEJ4AaABAg.9TeoXEI2OTE9TesrA_I8fU	-1
UgwFksaQoTR2lrlvjBR4AaABAg	-1
Ugyet8Y0RLQhUDvy-1l4AaABAg	-1
UgzmwbL1t28yAm7xPRV4AaABAg.9TelFkDXSgf9TessCFvabw	-1
UgyxSNi6pIo85iP5Fhh4AaABAg	-1
Ugxb5q6idxPlh1WHTlx4AaABAg.9P8LMqWrsxN9P8MVdSBQ6S	-1
Ugz2oPAnHSlhfIdo93F4AaABAg	-1
UgygNvInX1U0Q51vNRt4AaABAg	-1
UgzIO7XRL5ZW53DnS9h4AaABAg	-1
UgyUaqC_eDk7KFlDugF4AaABAg	-1
UgxQ8vuftq5uh0z_6tl4AaABAg	-1
UgzzsULzTTFP-EPRgXx4AaABAg	-1
Ugx4N1QqZjfN4BAVa-x4AaABAg	-1
UgzR0ErtoZrCvnLYqG14AaABAg.9N11f8gGzs99N1HhdRz6M3	-1
UgwrUcot2t76ZofPqZZ4AaABAg	-1
UgyyHhf8zG80_-kU9Pd4AaABAg	-1
UgyP-a6voztBNaXa6WV4AaABAg.9N1lVWA0-z69N2bZsOFKhf	-1
UgzzfYMZBWrCVBSaNd94AaABAg	-1
UgzqsclnjG31AuXKVNp4AaABAg.9N0a3EzuV_O9N0lGdJ-ok8	-1
UgxOtSFLABZGaOh41DR4AaABAg.9N0RnaWssHx9N0hWZtp2Wu	-1
UgwKkHgiSPnBH95PzpV4AaABAg	-1
UgznzDyAuDLht4tssDx4AaABAg.9N1vU14T-nM9N3pnH479yA	-1
UgyM3_vM8ONqqTst4c94AaABAg	-1
UgykxRiJ9HFmaBnbIol4AaABAg	-1
UgxKsmLNAs7Ch1CoTEl4AaABAg.9N1Ez416RPj9N9-cWlGGWR	-1
Ugw06zyWv4RCcUvrCGx4AaABAg	-1
UgxbnOO0TkM5hV15cXl4AaABAg	-1
UgxDrcPUJVxKAW4u42V4AaABAg.9N47yIDrfMR9N5BWH4O_pi	-1
Ugz82eXD0gE1qTCbfTN4AaABAg	-1
Ugxc31WMH_DGVkX42Mx4AaABAg.9N0UdHQbpdw9N2IHcr52Ae	-1
UgyyTfcfjZWY8qvKF7x4AaABAg.9N0P29FcnXB9N0hn1ZGaVZ	-1
Ugz4tFCkH12es4JeDjR4AaABAg.9N8CR6R53CT9N8UIR9UfGJ	-1
UgzMu243AEfpyQkBPSB4AaABAg.9N0yLJMRGxR9N50ORwO7Er	-1
UgwgTG2Y6GftspjUgZV4AaABAg	-1
UgxddEby1sI_RvcT59Z4AaABAg.9N2FO8CUq9n9N2Fz7WO2_j	-1
UgxQuTFljFoBY3JTssV4AaABAg.9N0uNUh7E6o9N3P-h2l6eo	-1
UgxPksG7s2Ee6Z2Vnch4AaABAg.9N0dPAXHFrv9N0lWM4Hhsr	-1
UgyuDXX9hwcAapzZ9Pl4AaABAg	-1
UgyxbsB3FIypJzOBMmF4AaABAg	-1
Ugxm9zxFdOXG5tbFWKd4AaABAg.9N3-l8bikGK9N6U-cL6HCJ	-1
UgyxbmsgzkbPgqZWDp54AaABAg.9N1r-ErIMcy9N1uaYVIq2-	-1
Ugwypvt6Th6QGowZ9K94AaABAg.9N1SNTsfANq9N2O_mUScrU	-1
UgycJe527XI8rGGxjrV4AaABAg	-1
UgztIxLqR8uYRVGTIR94AaABAg	-1
UgzM63stbUEB4y5q5A94AaABAg	-1
Ugxy2PdDAa-HM3pGbV54AaABAg	-1
UgzOtOOt9lhkeqQobnp4AaABAg.9LwA608XWq69Lyf3wsGB_H	-1
UgyPga47g0x1YTEkzTN4AaABAg	-1
UgxzTwMdA34xY5pxklt4AaABAg	-1
UgwgKtvOnMTV-yg6ja54AaABAg	-1
Ugxr6ZNBq9AqB1sgggp4AaABAg.9Jjt8dhSHtT9KLmpj8a9t7	-1
UgyxJA2UPzR_f_9_L9l4AaABAg	-1
Ugx3kKXlqntPABK7v4x4AaABAg	-1
UgxR3l-Wr7gAkXB9aqR4AaABAg	-1
UgykI0wDuV0yY4PhvAd4AaABAg	-1
Ugzrd1nfyv_z88KxB2V4AaABAg	-1
Ugwh-Zod4y2otMmNh_14AaABAg.9K8xY0O4md59KGONv7ypq3	-1
Ugw2TDbGFKUckT54EKB4AaABAg	-1
UgzKKlbes4Ej81KCTSx4AaABAg	-1
UgzKCDjQSys5nlgoSLR4AaABAg	-1
UgxmhdgzXbXltOvtm_94AaABAg	-1
UgzFbBx9wkraT9KA3iF4AaABAg	-1
UgzQKd7VFpXUidCaGuR4AaABAg	-1
Ugz1UpDBmnBG1U_T1454AaABAg	-1
Ugyf-mdwJ_j_fpH_wXt4AaABAg	-1
UgwOD-fEuaSmYhmqpvt4AaABAg	-1
Ugz6psK3DOE_cf5fO6p4AaABAg	-1
UgwX-ueTohFjZTxT7KF4AaABAg	-1
UgxGe3C5xNQQ7YBo0Y54AaABAg	-1
UgwFelbbbfijetSw_FR4AaABAg	-1
Ugxvw2dc_6OghxB20qN4AaABAg	-1
UgzamexDTUxU9DiLhLl4AaABAg	-1
Ugx22Cwn3OhILgNKcn94AaABAg	-1
UgypXEilVlODBQd2dLF4AaABAg	-1
UgxEqVKty3RxrEbH20B4AaABAg	-1
UgzDtLmo49H2-Mvi0AZ4AaABAg	-1
UgzLtJxIF7mPNu8a6aJ4AaABAg	-1
UgxGv3vyDP2dwVc2hUd4AaABAg	-1
UgzOV6DTXrBh_EFEUrt4AaABAg	-1
UgwP8eiXc-l9zy5sYt54AaABAg.9KF9Ub2qWTt9KN2MrL4fNY	-1
UgwdEoDidORNCV1vzkN4AaABAg	-1
UgxS83vq4A97ox2mucl4AaABAg	-1
UgxW3DUcoaTUee4aw654AaABAg	-1
UgzbpFM-BTCy6j9kKvN4AaABAg	-1
UgwRTxE-_-Ia92OAngx4AaABAg	-1
UgwryqW3kyXuwrfB9-p4AaABAg	-1
Ugxr__xNX6qgLyrJBiJ4AaABAg	-1
UgzfBF9DiNo4sjW5JVx4AaABAg	-1
UgwO_vRw2HTn3WPiLaZ4AaABAg	-1
Ugz2_YAEOdclW_XZr-F4AaABAg	-1
UgzVSpqyBnN0t7_suUt4AaABAg.9KBp3MPW30p9KGih1b8sFh	-1
UgwPDkxDQvJ-coNMpU54AaABAg	-1
UgzuWj-0b0AA0EbQLJN4AaABAg	-1
UgxLQ0d03CvLdTiBDF94AaABAg	-1
UgxMFWke488XcC3Fr5x4AaABAg	-1
UgwOH7aaEGQBjn62Zuh4AaABAg	-1
UgziKShgO9w5IociU-l4AaABAg	-1
UgzbvhdP0Q16bNSPtEd4AaABAg	-1
UgxiX8xIaw0zipCpacl4AaABAg.9W_j8yFR_SG9Wajgredtqg	-1
Ugzdov_8blFubC33SYh4AaABAg	-1
UgwpoEkb6fugtIo3qox4AaABAg	-1
Ugx4rJ_YKXfcc52bi1V4AaABAg	-1
UgxmiFmVqkA4-LLACKx4AaABAg	-1
UgzOIyHQj0ILBOa8i694AaABAg	-1
UgxOqagAWkP30w0i7wd4AaABAg	-1
UgwTZwMnTxTivNTy2SR4AaABAg	-1
Ugxvf8bCP3qz0jUPpLl4AaABAg	-1
UgzwhNGbm2_kOEkecrN4AaABAg.9UCuke8xfse9UFjcQ99EBw	-1
UgxkPXhuwk2LnXlfVYh4AaABAg	-1
UgxU_YtJXurH_8q8EO14AaABAg	-1
UgwdviYERD99yHul8C54AaABAg	-1
UgwtXrcewD1kUY4uUAx4AaABAg	-1
UgxYJsWQ-w6gVv8GbO14AaABAg	-1
UgwvTo1F8MbWpugeOfB4AaABAg.9TnRYdU4Uwx9TpNB4cOzfi	-1
UgwDuzhaUqE7oz652g14AaABAg	-1
UgxEHEEdp4u67i8h83Z4AaABAg.9TlsgCqpN8n9Ttm1fA03qB	-1
UgyjDp2FnmhQH7eIJD54AaABAg	-1
UgwaAD1nthzDbrpM54h4AaABAg	-1
UgwGxFkd7UOZaj5ASBp4AaABAg	-1
UgzMEzGXjXWIwMtII6l4AaABAg	-1
Ugyn6NIoki9xlbHX4P94AaABAg	-1
UgxUGOOd7PU_Z9YWezV4AaABAg	-1
Ugw3y81Kp0foCZnrGeN4AaABAg	-1
UgyAZ07HQ2PAaza1wPh4AaABAg	-1
Ugw7QDQM1-AzE10YEpJ4AaABAg	-1
Ugwg6UGWNBBJ2bYTaAF4AaABAg	-1
UgzDyavCGZgMYCFpySJ4AaABAg	-1
Ugy7aa99sfqY55a1tml4AaABAg	-1
UgyT0q-m0ECYQD2JhrF4AaABAg	-1
UgzU-Af2eGNRJYdOjwB4AaABAg	-1
UgycrZJvhNf6lUx9P3B4AaABAg.9P8Fuck-5Or9P8K4Txd61o	-1
UgwwnSTxFmerm0uWXNt4AaABAg	-1
Ugx4E6nhKIVYMBM8ttF4AaABAg	-1
UgxLq9Wq1w0V35Et6sp4AaABAg	-1
UgwH8Rm6ukrW3wMYAUB4AaABAg	-1
UgyREr853bej2X71iTR4AaABAg	-1
UgzKMEO1QBhFJlZugzR4AaABAg	-1
UgyZ7I3NKKVna9Ehwd14AaABAg	-1
UgwrQj60GP06i0HYnrR4AaABAg.9P9LQlPJGAg9P9ONBBBGn5	-1
UgxhVbjINVQKpziGw914AaABAg.9P8GAe1EMl29P9ImLuU71x	-1
Ugz9K8r-KLczRlqtykh4AaABAg.9P8Q26qdenS9P9WA4SyYkS	-1
UgzmmHgWmBC9dIFfzqF4AaABAg	-1
UgycrZJvhNf6lUx9P3B4AaABAg.9P8Fuck-5Or9P8RKMgF24m	-1
UgwFXdT1wMYx2FuJlqR4AaABAg	-1
UgxQIoZr4-N2KVD6mqF4AaABAg	-1
UgzlMdiecxnWpDbZifF4AaABAg	-1
UgxGJ2Gd5fJHx4TreFR4AaABAg	-1
UgzVZWBCC-tNSTw_3fd4AaABAg	-1
Ugw6gP3oqzkeqQoRpi54AaABAg.9N0OcU0_Pnw9N3AHVSReyH	-1
UgwQMMTrzbyyeU8CoYZ4AaABAg	-1
UgwmgLYLUAzwZ2lL4aZ4AaABAg	-1
Ugz6CjiFCL5JNUE8Iyt4AaABAg	-1
Ugz7nvhaUybfME30ZNl4AaABAg	-1
UgyNnlCvA8tWQ0CowGR4AaABAg.9N1YCYlgphh9N1kSRDbzaC	-1
UgwghXPc0TIyQe9Qdep4AaABAg	-1
Ugy-hdvKSMVbHSVFafd4AaABAg	-1
Ugz9Fv9h4UUP7LVQK2p4AaABAg	-1
UgwH7_Yi69G2A0Va7kF4AaABAg	-1
UgzkMugKNrrmgHmo-3x4AaABAg	-1
UgzH5xD2uQNFbJBredN4AaABAg	-1
UgyAhYQWMi5ms8GFcQB4AaABAg.9N21hJbEpBU9N2ouVlb_N3	-1
Ugy2Knpbu_YDwedbNCd4AaABAg	-1
UgwCQXMIh1liK1_OFst4AaABAg.9N0aZHwoV3Q9N0dpCrhxyl	-1
UgwWHNn_7SFurmyzhWx4AaABAg	-1
UgyHtSxhaDz2rLtBVhR4AaABAg.9N0Tr2dx4VD9N0aJM9kLYb	-1
UgyF6wLdMMYj9XNSH4t4AaABAg	-1
UgxHloCYXibZlpPrNCR4AaABAg	-1
Ugw6gP3oqzkeqQoRpi54AaABAg.9N0OcU0_Pnw9N0hF_R_eHI	-1
UgyWOHW3vjCZVmW0eOV4AaABAg	-1
UgyZOdMw5g6cm1h-aep4AaABAg	-1
UgzzQvZm1aUFgeD2Fj94AaABAg	-1
UgydgBwyxesfJC88ya54AaABAg.9N2DPEgnwly9N3KxDZwht_	-1
UgyvMIx3OTd-5wlHXOJ4AaABAg.9N0eGoFcQa69N1RKQYXMVz	-1
UgyEql_vOar76EZ-M1p4AaABAg	-1
UgztAAZfe1nfDlxS_ix4AaABAg.9N8EkSJZtpv9N8HD4edPJQ	-1
UgyXWKIgXqw9nrD-EAJ4AaABAg	-1
UgxXevHQ_bPiy0Zi_TV4AaABAg	-1
UgyoOkXMcXR2kwh8F6d4AaABAg	-1
UgyUhA3WCX4lxssCJZ94AaABAg	-1
UgwxbxG6e6nndF92bqt4AaABAg	-1
UgwnumIUvur-rXArSJZ4AaABAg.9N1APIOVCDc9N1ggvDONjF	-1
Ugy5Unq_6ti96BbJMfR4AaABAg	-1
UgynsLYAvMP5M7JMvj54AaABAg	-1
Ugw-9MRGXsevxOhPWzJ4AaABAg	-1
UgzCl_aWQzbJ-Meeb1t4AaABAg	-1
UgzOgKotVVTUJoYODKh4AaABAg	-1
UgxqtVw296YU-t9EaPR4AaABAg.9N14DXOa6Om9N192bHRmFl	-1
UgzKqktPHIMlVwJxCWl4AaABAg	-1
UgwHCOfA4NuKNOeMz_d4AaABAg	-1
Ugz-lQw8gLerQXQdpzl4AaABAg	-1
UgwKHwC13vuiDO0Gr0h4AaABAg	-1
UgzxJJkOoA1ymDebhd94AaABAg	-1
Ugw0i1CzbT8KhZurZZt4AaABAg	-1
UgzpIu-1kEa7ulVuz8B4AaABAg	-1
UgwJ3iI4cPcstOXH-Et4AaABAg	-1
UgxfAh7kGSNfaTzEv-94AaABAg.9K6EjmMmrDh9K6GY9oBY4S	-1
Ugz0vr-JQj3zkBq7Vyt4AaABAg	-1
UgyLs-Mw8RXoi4SAUnJ4AaABAg	-1
UgxCi_WFScoGE-lVMAd4AaABAg	-1
UgxwM4jX-cG_lqRTexB4AaABAg	-1
UgwoFp-P8sNMpDVq1LZ4AaABAg	-1
UgyFy8dRk6CVElFoa4l4AaABAg	-1
UgxmUqezjubIpK053ql4AaABAg	-1
UgysNBXTTkL2SYIqg5B4AaABAg.9KQg1ALrvbt9Kcp2bcrzgU	-1
Ugza9pECivdRlRWR6zV4AaABAg	-1
Ugw7LyoMd44rJVVrhEV4AaABAg	-1
UgwSlyPCXk9AyRyEWMJ4AaABAg	-1
UgyxMiyCQBvdoT3gRhN4AaABAg	-1
UgzvGSIXwHonPOnhXq54AaABAg	-1
UgxVrLxiq9a1hGsfE794AaABAg.9K7ZbSN-4YW9KBOCUJp-Yh	-1
UgwGNMG1WFNKG5WThIV4AaABAg	-1
UgxuEbD-FB2uQP9Bhkh4AaABAg	-1
Ugwh-Zod4y2otMmNh_14AaABAg.9K8xY0O4md59KGO1lvJ5Gy	-1
UgwL0x2MEdaKb3GoU914AaABAg	-1
UgxcZLrQTp6QrUgkMzl4AaABAg	-1
UgydHd0p-8up48huJNV4AaABAg.9RcfTO28hOY9TQBqQQGdYC	-1
UgygMdtaV-RY_qdtHb14AaABAg	-1
UgzE95W849Ep6A2XVtJ4AaABAg	-1
UgxqK-xPghZ80Up56nB4AaABAg	-1
UgzEnvu6brexernQTwR4AaABAg	-1
Ugx2yXoxGAKbINVB4xp4AaABAg	-1
Ugz_w4GL6LvvXrHFTrt4AaABAg	-1
Ugz7uGJYqmszNki9PgN4AaABAg	-1
UgzQ_fvt3b7dSAhqxod4AaABAg	-1
Ugxk7mHcJM5kpN_eJWx4AaABAg	-1
UgzRixUHlJQ-FDe2u1Z4AaABAg	-1
Ugzx8t3ScK-5XnLQ_hN4AaABAg	-1
UgxM5mX07hs7n7Vkz3Z4AaABAg	-1
UgxHMjdIRUPz0ig9zoh4AaABAg	-1
UgwtvUm0sJMyqc47VhB4AaABAg	-1
UgxNV1kmQpKCrAFu4Jh4AaABAg.9V3hVgDdKgh9V4tCT_unqm	-1
UgyE7Qph729aRp-9Eb14AaABAg	-1
UgwmvDBwWii4AQwvO8F4AaABAg	-1
Ugy4CvgXWDTnZ8ww0R94AaABAg	-1
UgxfKoPQBB9XH0T9uDp4AaABAg.9V3fzQx4OiZ9V3wstfnN0x	-1
UgxI79uzuWluQgUi-2F4AaABAg.9V43aMsm_pU9V4y3Y4ZQds	-1
UgwfMWZF3AfEsOd8H7x4AaABAg.9V3eI4R1v6n9V53HdZZWWa	-1
UgzkjPR4d3fEPzAHKG54AaABAg.9UbgweLKaXr9UbneM4Za-J	-1
UgyANy88uJZM8iHwp_t4AaABAg	-1
UgwOc38iAfwjIrboC9N4AaABAg.9UGR-VGz1dS9UHciCvRes_	-1
Ugz_TmzNzDy_7OOzEgN4AaABAg.9UDMC9zGo5G9UFRbsgZnjk	-1
Ugw6ODYnfmf6EGDWdrN4AaABAg.9UDEOuFdjfm9UKqQ3AdX0O	-1
Ugzl7dlx81z5gI7liu14AaABAg	-1
Ugw3mWFg0-pTG3BXVT14AaABAg.9ULcGucH1E29UjhKXlKz6k	-1
UgxIfMveRwQbwPwhTyB4AaABAg.9ULe48wHwbF9UXYZ0rtVlW	-1
Ugzx788RUnDH5PwzChF4AaABAg.9UFiYThdgEL9UFzObLklmz	-1
UgyiYjVyuO71Y9YfSWh4AaABAg.9UGcuAtC8rE9UHbCq38RB0	-1
Ugys1Vf27NX5SBRCXjJ4AaABAg.9UCb3Pe77uM9UDk-yaiID1	-1
UgzG8tVeur0NPd9Q4B94AaABAg	-1
Ugx0AWzFNP7s-9Kby9t4AaABAg	-1
Ugxxbm30uqn_nhsCcft4AaABAg	-1
UgzZCZ_vl20osEyiQ-94AaABAg.9UCXYbmka4-9UCnWN1ctXd	-1
UgxWw-2wAnVe_VchRvh4AaABAg	-1
UgzRsrhxyjSPL01TTE54AaABAg.9UHPY0cBlfM9UHcnVb3IMw	-1
UgyaEdFqPbmzn3gSa3R4AaABAg	-1
Ugwy2bcGMvbzhuMJ8ll4AaABAg.9UDL21gKQSC9UFye0Tj1mV	-1
UgzOChDfu_Kg8mubHLp4AaABAg	-1
UgzcwSNMlHv8YDxFMdF4AaABAg	-1
Ugy4LV6A738NBnLI3Zp4AaABAg	-1
Ugw4p5EMWHaTCLShek94AaABAg	-1
UgzZCZ_vl20osEyiQ-94AaABAg.9UCXYbmka4-9UFK_l2ha3M	-1
UgxzUuE_GDl7uesJhX14AaABAg.9UGsuHPHydd9UI5I8RHC7K	-1
UgyFiKcCtnfjC0UUsZB4AaABAg	-1
Ugz0GXCE2t6AjUP4yyd4AaABAg	-1
UgwePZRtxXpAWT-EGMt4AaABAg	-1
UgxoXPOAM4w8HvBsU7h4AaABAg.9ToFizaiaFI9Ts5h346CZa	-1
UgwIm1UHHd4vX5k7SkZ4AaABAg	-1
Ugw_4oRuZSnMCGiATd14AaABAg	-1
UgxkCzDKmFXWzIS3BEt4AaABAg.9TezUg-Ig7z9To5H-8R4Mj	-1
UgyQMAQ7tSN8TXAuDZ94AaABAg	-1
UgxuNiBDBv_gY7Yz6194AaABAg.9U-pEMKZnme9U6OBjH_mV2	-1
UgxlXpQC9ITCBdttlaZ4AaABAg.9TeknN5Vx0n9TerYmoNTAg	-1
UgzXt8DPVIVsqHLwpVp4AaABAg	-1
UgybB8w9jAypreM_qkp4AaABAg	-1
UgxhN3__Y_ZdnOj6rW94AaABAg	-1
UgyvIzMqaArvpzC_VDR4AaABAg	-1
Ugz1kEu28VfZW531npZ4AaABAg	-1
UgwfdSL21UL3HbTwCBd4AaABAg.9UQIWtjeFQ39b52LCOPLo_	-1
UgzzTHu7E79sTBpN3nB4AaABAg	-1
UgyvHT22KAKWZG6O7UB4AaABAg	-1
UgyoyMBYltncrIdnLVl4AaABAg	-1
UgytuYDeIbNzbrJSBnp4AaABAg	-1
UgxqKpqYm9_3HXJ_zb94AaABAg	-1
UgxmZFvoVBhRVHEIHQR4AaABAg	-1
Ugxabm_3HYLKcOF37p14AaABAg	-1
Ugyb8xwLdGHHFbKtvm94AaABAg.9P9jgMVrSMF9PAp6NX4NZL	-1
Ugx7kLpHiunxuprB7Op4AaABAg.9P86h6Hw2GS9P8Bm736amv	-1
UgwapxTYRNLApJVuhiF4AaABAg	-1
UgxKFHAZYIBb5gXo8Ox4AaABAg	-1
UgxVZkjNUhrpQAW7XHZ4AaABAg	-1
Ugx6oRv6FCqz74kM-wF4AaABAg	-1
UgyYBdXBv2dCRsy-r-V4AaABAg	-1
Ugw0OJ5waSgNLAASfPh4AaABAg	-1
UgyGNqoqZBFsQa2yQf54AaABAg.9OVRc9x30eg9OVV-x6VoHZ	-1
UgwAKIlugXGr14iiAax4AaABAg	-1
Ugwv5AtV5edLrNwN-H54AaABAg.9NN23ic87XC9NzzHdA45WB	-1
UgzHNdFP0RZ_m66b3uR4AaABAg.9NB0baizsNM9NKksWk--RG	-1
UgxLWpNbcgU5pUxTsTN4AaABAg	-1
UgxK4MkfIqlJtWHJTjl4AaABAg	-1
UgxGr2A4r14QPoR14At4AaABAg	-1
UgyfGWVOtX8xw43bSrd4AaABAg	-1
Ugy-oZNgfZAopEBB19t4AaABAg	-1
Ugx28AVo3Ur2MZQclud4AaABAg	-1
Ugxw4fi5prmKXFK4Nxd4AaABAg	-1
UgywyS-p9laDAgfpgOF4AaABAg.9NLZS5LUiro9NS_lukziF_	-1
UgwLN6G0NEzowQqqjNx4AaABAg	-1
UgzcIxaOTr_7AN7x_rZ4AaABAg	-1
UgzkF3-w-Jxyp-BVVs14AaABAg.9N21a5vlDyI9N2mhrt7cWB	-1
UgyHXGyiB2ckt7ioZLl4AaABAg	-1
UgwQfrdT-oFpBh0HHH14AaABAg	-1
Ugwu8Q7jizT4VCstDip4AaABAg	-1
Ugzm4ed4fCT9mLmRv-94AaABAg	-1
UgwMrLG9cAhn_xR6s3d4AaABAg.9N0BfpHVucn9N0PP6-_vd6	-1
Ugycx1s32snBFKff9A94AaABAg	-1
Ugxnx0FYLm2cFeTJ2V14AaABAg	-1
UgwtQ4F46GW7Fmj5jsR4AaABAg	-1
Ugzd70CgLjoSjq7bW2V4AaABAg	-1
Ugw8_XSilza37sLazYl4AaABAg.9N0DYrsGiWo9N0UOfA50gv	-1
Ugz-2RcdFpB4RwrtzVt4AaABAg	-1
UgwLp5HZ87_q7cUFJHR4AaABAg	-1
UgxKsmLNAs7Ch1CoTEl4AaABAg.9N1Ez416RPj9N1l0b7XThl	-1
UgwnnRjpHGVKYaY-gad4AaABAg	-1
UgwNksXkYJ28xhrb6YZ4AaABAg	-1
UgwBIcn0XgbRQXoPhsN4AaABAg.9N1y2qP_zy-9N27LwsDWqm	-1
UgzZVq-SLmv_1X5wXYB4AaABAg	-1
UgxhNU374xyln8WCkax4AaABAg	-1
UgxKsmLNAs7Ch1CoTEl4AaABAg.9N1Ez416RPj9N1pRW_yXrP	-1
Ugw_mOLaraAtSKWrCW14AaABAg	-1
UgxzmcuTocDqJC34FYN4AaABAg.9N0CR-d4IVY9N0hwfiBbRt	-1
Ugw6gP3oqzkeqQoRpi54AaABAg.9N0OcU0_Pnw9N5DUibvhMN	-1
Ugw6gP3oqzkeqQoRpi54AaABAg.9N0OcU0_Pnw9N1wYq5PDj8	-1
UgzNXk13Nd4YxDTqXt94AaABAg	-1
UgzEK7HWaGi0uDaoxbF4AaABAg	-1
UgxQuTFljFoBY3JTssV4AaABAg.9N0uNUh7E6o9N3gvqXCA6p	-1
UgyraXpnEqlkoXk2pnJ4AaABAg	-1
UgxVl5IajNbN8Lm-AJd4AaABAg	-1
UgwGFNrHNuP62foa5Cx4AaABAg	-1
UgyIsBvgIQK7BV1PBfh4AaABAg.9N0mTm7bBb-9N2x4uvrJCx	-1
UgxgwytYY-T3zw4e9eN4AaABAg.9N0IQQYAsW09NJm1BuqIec	-1
UgzH0U9GB7X_EpM9Pqd4AaABAg	-1
UgwdTXGlwCmm3CwlUDt4AaABAg	-1
Ugw47m4iqev4hy2zUPF4AaABAg	-1
UgzxmENU_zOz0BJhqEZ4AaABAg	-1
UgyHtSxhaDz2rLtBVhR4AaABAg.9N0Tr2dx4VD9N0ieebcs1z	-1
Ugx2lc1T6dqx-xvMZaZ4AaABAg	-1
Ugw8ZkP3i-uvJrUmLLd4AaABAg	-1
Ugy4NJRely8gWfepIt94AaABAg	-1
UgxPksG7s2Ee6Z2Vnch4AaABAg.9N0dPAXHFrv9N1QZMvpHYw	-1
UgxwuYSlpF-wee-_ZUN4AaABAg.9N0tL78UeF_9N2rM5v381R	-1
UgydgBwyxesfJC88ya54AaABAg.9N2DPEgnwly9N336ov-xoG	-1
UgxBpE1vMeCzfTCvr2Z4AaABAg.9N0SUFMCE6x9N4kadA5VNb	-1
UgzdiOgDzI66LOZxRmp4AaABAg	-1
UgyLRiph18Lv4S76l6p4AaABAg	-1
UgxM0S5O_lfR_iSk4UB4AaABAg	-1
UgwLGZrZrvNgWd5FCLl4AaABAg	-1
UgyLvFW5D8nFyauIy8J4AaABAg	-1
UgxN0cUJtWf-zhq2JOF4AaABAg	-1
UgxOt6GRAYiVMajvUE14AaABAg.9N0MBPCmMQD9N2WXIoWVIb	-1
Ugy3rMd96snfvgDnhIl4AaABAg.9N0qBxigSM-9N314oP64qu	-1
UgyzPrNV_z3726k1og54AaABAg	-1
Ugx2kxDBrdMIV2nxU3t4AaABAg	-1
UgxH-D4xCKRm7ogr63t4AaABAg	-1
UgzB1nkvmAfwJOJWvWR4AaABAg.9N3hJ2tBDY69N5Lqt8sJ4X	-1
Ugw6gP3oqzkeqQoRpi54AaABAg.9N0OcU0_Pnw9PCS15W4U5o	-1
Ugwn24gsYqTd8DovbfZ4AaABAg	-1
UgwjFkCzXcwJnEDNQ014AaABAg	-1
UgwQw-0B4wakN9zT1r14AaABAg	-1
Ugws7DC2RouXy-voFDJ4AaABAg.9M5aUVGVRb69MB7HW3iGiV	-1
UgyqlHwCo6STE5WUA4R4AaABAg	-1
UgzIwY35Ub-f9r5kaZV4AaABAg	-1
UgwI1j_lbgnTUNTsUGB4AaABAg	-1
UgxOA2LlU7rLofrV3Ct4AaABAg	-1
Ugz3iJW5xTkX1z6YZNt4AaABAg	-1
UgwmaTzK_t92L24vOoB4AaABAg	-1
UgxC7IKrQe-PbuujK3Z4AaABAg	-1
UgwPZlTaPZw2ZBr_KJx4AaABAg	-1
UgwioOCSbws6l0TNYY94AaABAg.9LUhrnUi4Fj9LWLWV21iRL	-1
UgwPQhx_kXyfAO0PjbV4AaABAg	-1
Ugxuq9_fIlyD4lHmJOl4AaABAg	-1
UgzpGNIIX8djeHbPxpl4AaABAg	-1
UgzdUkWnUG63ssBmNjl4AaABAg	-1
UgwbOwnULCW3aYktME54AaABAg.9LVRDm_jqsE9LaW9GgHzjO	-1
UgwPoUVOZTzMDeZibu54AaABAg	-1
UgwVhGIJuvwbNnzr_hZ4AaABAg.9LUdX90SbUO9LWPAWxxWcp	-1
UgwZm0DvP5RPwMdddgF4AaABAg	-1
UgwIorOoRrURwK-IgC54AaABAg	-1
UgwBwOKNq1ylirzYKMZ4AaABAg.9LThSjXIrUv9LUCFwX3xaI	-1
Ugz_F8c1IeRCWOyNS014AaABAg	-1
Ugz3zcEhuj95DYhXfKh4AaABAg	-1
Ugz_KFaqGJa-6PEkMmJ4AaABAg	-1
Ugw_FkzhIQs9UgnWOFN4AaABAg	-1
Ugxz3_V6z14jgBRw0sh4AaABAg	-1
UgyVi_MSIEwdybDhjlt4AaABAg.9LTs1XA5ugi9LU3SSiTwjh	-1
UgyCEtbKns17yUjER4N4AaABAg	-1
UgyEtGzbnGO6k-NYOG14AaABAg.9LYJ6rNHLds9L_LLGzUIf1	-1
UgzRjhrPC-_U-UT8-694AaABAg.9LTi2k2Equ99LUAKyvy9XS	-1
UgxDhyEX5Qtyu5_oMHt4AaABAg	-1
UgztjIHkzFWTx03I9lp4AaABAg	-1
Ugw2LYEet0hXf40nl3l4AaABAg	-1
UgwVhGIJuvwbNnzr_hZ4AaABAg.9LUdX90SbUO9LUhifmyGcR	-1
UgwQnpwYprDZpdIw8_h4AaABAg	-1
Ugw0n2qzgFYvihSEzu54AaABAg.9LTkCiH4j2y9LTmvH47g3Q	-1
UgzXEq17d_DSjRFMkmh4AaABAg	-1
UgwyNTWAYlYnnVEmCC94AaABAg.9LTo2_7kSAk9LTv17f964q	-1
Ugxq03iv6nA7gqP8CsN4AaABAg	-1
UgxWsCGPmLsujS9Rj614AaABAg	-1
UgzvZB-_X6XTkSwNOTR4AaABAg.9LV8l7O-3MN9Lb0D9Cvesc	-1
Ugx6gFefGTpKz6toApZ4AaABAg	-1
Ugz0HVq9lpStlb8EBad4AaABAg	-1
UgxOZXjLWm9hG4FD__d4AaABAg.9K95w6FvVZA9K9aSxrV2GR	-1
UgzXe1uK8z7gAaaUixZ4AaABAg	-1
UgwtJGVu-cqfcU50WMx4AaABAg	-1
UgwFhvaZifGLJf_6KaZ4AaABAg.9KLtMImHgw99KMlYXGrarH	-1
UgxOZXjLWm9hG4FD__d4AaABAg.9K95w6FvVZA9K9Vb_VGV7n	-1
UgwVTnWPdSw-Qrg5up14AaABAg	-1
UgwAX8Sjwn0npBL_Q4R4AaABAg	-1
UgxtYUCAoakCFt4Bi8B4AaABAg	-1
UgyHtuSQvO4kgD7PKHR4AaABAg	-1
UgzzQs4L_B63p1U3-Lx4AaABAg	-1
Ugwv3b30XDgjzK6pvm94AaABAg	-1
Ugxxokj16WUrQe_oWhZ4AaABAg	-1
UgwHsHs1F_S3fveWGYN4AaABAg.9Jcb1JNp_Dq9JdR2brIte-	-1
UgzaXstEBu_UAMpBlbR4AaABAg.9JcdGaArh4j9NCc1_GhEEQ	-1
UgyKKuKcZbpvxfPD_O94AaABAg.9IeziPnlHPE9If8e0YYi_8	-1
Ugx6Ny4_FvdQBdyaOh14AaABAg	-1
UgyKKuKcZbpvxfPD_O94AaABAg.9IeziPnlHPE9Igx3AGP_uq	-1
UgxyQR3o36UP7xz3JIx4AaABAg	-1
Ugx7Y-SUjZCsVrEJpzp4AaABAg	-1
UgzXqrikoBzylxiQbXt4AaABAg	-1
UgyGlzxzEDNW6blWwUF4AaABAg	-1
UgwLB5S0UmY2Ke2BTRZ4AaABAg	-1
UgzhXWoiaLLYPFljeuJ4AaABAg	-1
Ugzt6oKYTykIYSi7K9Z4AaABAg	-1
UgxZ7EklgoFzrFXVroV4AaABAg.9KA1CPajjrr9LPpCORPCCZ	-1
Ugzd3HiT9vB5BTpjRPB4AaABAg	-1
UgwP8eiXc-l9zy5sYt54AaABAg.9KF9Ub2qWTt9UzJp_5G3Wg	-1
UgzBhd6cPHYl3JT7ktB4AaABAg	-1
UgwXOIpOP1WO5ByxwuB4AaABAg	-1
Ugx5ltUpHV0KRnyI3-B4AaABAg	-1
UgyOOub3-WPaGKSCr4V4AaABAg	-1
UgwKBDaSCdW7Ujk4mnF4AaABAg	-1
UgzkNNfu99zOzCX4gYt4AaABAg	-1
UgwGKgrZ6NZcVCNgvY14AaABAg	-1
Ugynkp-eFZIjpm461Sp4AaABAg	-1
UgzEWR0z4p1B0mERB3J4AaABAg.9V2nuRknLEI9V3t71ripyr	-1
UgwlEfs3WVMFEfqnsCF4AaABAg	-1
UgxOcdIymEJpAUCzZNp4AaABAg	-1
UgzzgLUV9a_Dq-XE6Xx4AaABAg	-1
UgzIF2EgeXjSEcg3csR4AaABAg.9UD-2XMATMF9UDZ7kk3lxk	-1
UgzQ2wfj_xSBfmpAaGJ4AaABAg	-1
Ugz2ly4OHfenhF381wx4AaABAg	-1
UgzCZsM8yMYF99eO-2V4AaABAg	-1
UgwVXuYOw22BfK2DBG54AaABAg.9UGPtaCCtQe9UGvH4N9W1k	-1
UgyW0jT3QRRmibUuAfx4AaABAg	-1
UgzLRLUg4M0P4WQ_wTx4AaABAg	-1
Ugy_rLxpfotAY5jesjB4AaABAg	-1
UgzmOr4fLtWq9SSoKPJ4AaABAg	-1
UgzoqHs8g_ym2yT7Iqx4AaABAg	-1
UgxeHjDH8qRLuvLnacl4AaABAg	-1
Ugw0LSxPcWzbLBzbfvN4AaABAg	-1
UgyGyVcRyAwfucjCnLB4AaABAg	-1
UgyQRv1kmUt27pZo-d94AaABAg	-1
UgwMhZvxJ5HXFGqwVmR4AaABAg.9RIs3RYnMv29RT8X7bO2ga	-1
UgySEBdZDt-zue25SFl4AaABAg	-1
Ugxno0cCmBWFZZWzytl4AaABAg.9RGJnoQMYDX9RUWDGyMwfr	-1
UgxhUfK030In7qm-brh4AaABAg	-1
UgyesUzY6jZNwH8lWTd4AaABAg	-1
Ugyy6WgsTUZMG5wRtbZ4AaABAg	-1
UgzOe2GRz9SpBALy6UV4AaABAg.9P9RUgVRNPf9P9ZUtDUErU	-1
Ugyh-4isTgHQEZL8uGN4AaABAg.9P9M_OPf3iu9P9N8oibyDX	-1
UgzLN7X-00JUBoXS-Cl4AaABAg	-1
UgyDfQdmnskcFKJhWVt4AaABAg.9P8QepfFL639P8RT-IcLqA	-1
UgxRPrntQfAL7EQBypR4AaABAg	-1
Ugxd19aymCzEgHLgxO14AaABAg	-1
UgyhLJGDsKuKfRlZyMh4AaABAg	-1
Ugx2THtiz1Aa2Uu4Sit4AaABAg.9P8LlE3_wNi9P8SgD3OwUp	-1
UgxrZK2cYPwj1o3U1P54AaABAg.9OVO5dtIf_h9OVQSzDH2Rj	-1
UgxRO5qsnckH-CtGS894AaABAg.9NAzTmh-JJg9NL9Y0RK2ol	-1
Ugz64QgnV-taQoRlelZ4AaABAg	-1
Ugw0S3OrsQ0nX6df5vZ4AaABAg	-1
UgzOhLnxtyyCvs_X58t4AaABAg	-1
UgyzfJqtEyOKABAiK_h4AaABAg	-1
Ugwypvt6Th6QGowZ9K94AaABAg.9N1SNTsfANq9N2N9121lRN	-1
Ugyp4bRrwaOanTmS2Ld4AaABAg	-1
UgxYaxRRUWTAmItFqfZ4AaABAg	-1
Ugy6HWOJASbppizHNlx4AaABAg.9N1AJwvmSGh9N1fi3kPsrf	-1
Ugw_qwFFiAV4jfu3sKh4AaABAg	-1
UgxcE9uSkUJwI_x33mR4AaABAg.9N0eXlurHBi9N0n0FblXF2	-1
UgytBnOfedSJX3A2h314AaABAg.9N2-YoGK5449N81mMKe8J_	-1
UgyIsBvgIQK7BV1PBfh4AaABAg.9N0mTm7bBb-9N32kiBu6jz	-1
UgyRxpd6UO5sDJRFyJx4AaABAg.9N1BMtcehYg9N1flRH3_zd	-1
Ugw6d063N6YMEiOUf_B4AaABAg	-1
UgxNLy1L9XtYO0dTpHN4AaABAg	-1
Ugyw8mWjI7mDM50a8lx4AaABAg	-1
UgwJg33Pkjb1KvoF9hp4AaABAg.9N1vaPgfKGD9N3ISy3rgbW	-1
UgyCJcDJaQRXS1G8gp14AaABAg.9N0roi1_07X9N2VlRhRrUU	-1
UgwBgVZ-3QFlxPH_evl4AaABAg.9N0YeKPHsta9N0d8AX7HK6	-1
UgzQtuXmjq1wrHLQ3il4AaABAg.9N13vP-LTgV9N169SQeMBl	-1
UgwgjiSlqQWe8_mwWxF4AaABAg	-1
UgxLgPqNJHlbxQ_qVSZ4AaABAg	-1
Ugza8ZRm_y1oY7o4dGd4AaABAg.9N1vyMkMEq79N3IV7oYr2L	-1
Ugwwtxd8Eh2E3PsToCp4AaABAg.9N0CH8GhQht9N0JNoKENdQ	-1
UgyM0RkLmJcIUMrbQbJ4AaABAg.9N0eEKa70-g9N0jKyDoLhw	-1
UgwjXbhko-ZyudgU_014AaABAg	-1
UgzIyQvFFyBJscTJZvJ4AaABAg	-1
UgzxSH29BW_0GOUm9zh4AaABAg.9N0LklBShIV9N1pF6JP50D	-1
Ugwwtxd8Eh2E3PsToCp4AaABAg.9N0CH8GhQht9N0IeWO1ytB	-1
Ugwz7IwzQXFdqxwKAtF4AaABAg	-1
Ugx6MGu8ch5gJDfg7l54AaABAg	-1
UgyYCGOXSQ6wSPy52Bh4AaABAg	-1
Ugz1QHPYCnuVcgJ8Zn14AaABAg	-1
Ugw9Ij_-jm9H5ve0SNJ4AaABAg	-1
Ugz13WFt06OHXZBqvUJ4AaABAg	-1
UgxSnG6SYxbXmAUmKDJ4AaABAg	-1
UgxgMFSH-dBfFdzE_Bl4AaABAg	-1
UgzovRggCNkPjTH6-OR4AaABAg	-1
UgwuFZlyYqYt5aNbG794AaABAg	-1
UgxCmFcmjQkQ6n0mPx14AaABAg.9LXTwIPJpxP9Lb05h_bvnO	-1
UgxenXYCuEIqQLrMC9x4AaABAg	-1
UgxtOYAd7MlG4G6Bqoh4AaABAg	-1
UgyNZU3u8YmaftJK_Dx4AaABAg	-1
UgzipuMyUe7qsg51oUl4AaABAg	-1
Ugz1fkT-PB-4PtmBtkt4AaABAg	-1
UgyJEjuBYBqDGhdr0aF4AaABAg	-1
Ugzl-5BDB1A-bvAg5Cl4AaABAg	-1
UgwQh_T0G6Z_7CD5r4F4AaABAg	-1
Ugzuwe6aup2awhcVdjJ4AaABAg	-1
Ugwg-Z4Uuqgkb5NUXWN4AaABAg.9LU_tshpBSi9LUvFiM3fGi	-1
UgzBP8u_CF8XD0o89K54AaABAg	-1
UgyiUcRFv_lJTr6vmGR4AaABAg	-1
Ugw9-Zfe0Ot68cTBFVd4AaABAg	-1
Ugx2FalBYBPl1ShxLHB4AaABAg	-1
UgypBuwt5_AL4_dCx914AaABAg	-1
Ugzg2ffi4EQaDO0D2gd4AaABAg	-1
UgxrnFjwJE6Gyr-ldg94AaABAg	-1
UgyjxqHQDVEoyg-qxAB4AaABAg	-1
UgyX_JNilu75cnRNPWV4AaABAg	-1
UgwaiUWLqeBDHmkxdBV4AaABAg	-1
UgzZjIZbdH8UO3k-qQR4AaABAg	-1
Ugxofulf3FvIzIcnLi94AaABAg.9KIZ_CMGm3b9KJF8IlLY2e	-1
UgwnEu1pDo0ftxJ8vtR4AaABAg	-1
UgyKy8xmDwIwfYP0x994AaABAg	-1
UgwmiECVh3Tsy-FPnYJ4AaABAg	-1
UgwpiRORUEnEbHE5pJp4AaABAg	-1
UgyljXjsJw_YBQNlikt4AaABAg	-1
